,marca,preco
0,"Cadeira Gamer KBM! GAMING Tempest CG600, Preta, Com Almofadas, Descanso Para Pernas Retrátil, Reclinável - KGCG600PT","R$ 719,90"
1,"Cadeira Gamer KBM! GAMING Tempest CG600, Branco, Com Almofadas, Descanso Para Pernas Retrátil, Reclinável - KGCG600BR","R$ 719,90"
2,"Cadeira Gamer KBM! GAMING Tempest CG500 Preta Com Almofadas, Descanso Para Pernas Retrátil, Reclinável - KGCG500PT","R$ 674,90"
3,"Cadeira Gamer KBM! GAMING Tempest CG600, Cinza Claro, Com Almofadas, Descanso Para Pernas Retrátil, Reclinável - KGCG600CZ","R$ 719,90"
4,"Cadeira Gamer KBM! GAMING Tempest CG600, Preta e Vermelho, Com Almofadas, Descanso Para Pernas Retrátil, Reclinável - KGCG600PTVM","R$ 719,90"
5,"Cadeira Gamer KBM! GAMING CG200, Preto e Vermelho - Pistão Classe 3, Almofadas cabeça e lombar - KGCG200PTVM","R$ 479,99"
6,"Cadeira Gamer Alpha Gamer Vega, Preto, Reclinável, com Almofadas, Cilindro de Gás Classe 4","R$ 629,90"
7,"Cadeira Gamer KBM! GAMING Tempest CG500, Preta e Branco, Com Almofadas, Descanso Para Pernas Retrátil, Reclinável - KGCG500PTBR","R$ 659,90"
8,"Cadeira Gamer KBM! GAMING Tempest CG500 Preta e Roxa, Com Almofadas, Descanso Para Pernas Retrátil, Reclinável - KGCG500PTRX","R$ 659,90"
9,"Cadeira Gamer Prizi Canvas, Até 120Kg, Com Almofadas, Preta","R$ 443,33"
10,"Cadeira Gamer KBM! GAMING Tempest CG500, Preta e Azul, Com Almofadas, Descanso Para Pernas Retrátil, Reclinável - KGCG500PTAZ","R$ 659,90"
11,"Cadeira Gamer Alpha Gamer Nebula Fabric, Até 150 kg, Apoio de Braço 4D, Reclinável, Cinza - AGNEBULA","R$ 929,90"
12,"Cadeira Gamer Mymax Mx5 ,Peso Suportado até 150Kg, Giratória, Preto","R$ 699,00"
13,"Cadeira Gamer Prizi Canvas, Suporta: 120 kg - Branca","R$ 599,90"
14,"Cadeira Gamer ThunderX3 TGC12, Até 120kg, com Almofadas, Reclinável, Preto","R$ 1.059,99"
15,"Cadeira Gamer DT3 Nero, Até 140kg, com Almofada, Reclinável, Braço 4D, Cilindro de Gás Classe 4, Preto - 13747-2","R$ 1.329,99"
16,"Cadeira Gamer Corsair T3 Rush 2023, Até 120Kg, Com Almofadas, Reclinável, Apoio de Braços 4D, Preto e Cinza - CF-9010057-WW","R$ 1.379,99"
17,"Cadeira Gamer ThunderX3 TGC12, Preto e Vermelho, Reclinável, com Almofadas, Cilindro de Gás Classe 4","R$ 969,99"
18,"Cadeira Gamer Alpha Gamer Nebula XL Fabric, Até 150 kg, Apoio de Braço 4D, Reclinável, Cinza - AGNEBULAXL","R$ 1.049,90"
19,"Cadeira Gamer Mx5, Giratoria, Branco e Rosa - Mymax","R$ 615,12"
20,"Cadeira Gamer Corsair TC100 Relaxed Fabric, Até 120Kg, Com Almofadas, Reclinável, Cilindro de Gás Classe 4, Preto - CF-9010051-WW","R$ 959,90"
21,"Cadeira Gamer Corsair T3 Rush 2023, Até 120Kg, Com Almofadas, Reclinável, Apoio de Braços 4D, Cinza e Preto - CF-9010056-WW","R$ 1.249,90"
22,"Cadeira Gamer XT Racer Viking Series, Até 120kg, Com Almofadas e Apoio de Pés, Reclinável, Descanso de Braço 3D, Preto - XTR-018","R$ 1.099,99"
23,"Cadeira Gamer Prizi Runner, 180KG, Verde","R$ 294,90"
24,"Cadeira Gamer Prizi JX-1039B, até 120 kg, com Almofadas na lombar e pescoço, Azul","R$ 443,33"
25,"Cadeira Gamer DT3 Nero XL, Até 160Kg, Com Almofada, Descanso de Braço 4D, Preto - 13634-7","R$ 1.489,99"
26,"Cadeira Gamer Rise Mode Z6, Ângulo Ajustável, Braço 2D, ARGB, Branco - RM-CG-06-BW-RGB","R$ 899,99"
27,"Cadeira Gamer Prizi Canvas, Suporta: 120 kg - Rosa","R$ 443,33"
28,"Cadeira Gamer Rise Mode Z6, Ângulo Ajustável, Braço 2D, ARGB, Preto - RM-CG-06-BK-RGB","R$ 899,99"
29,"Cadeira Gamer Corsair TC100 Relaxed Fabric, Até 120Kg, Com Almofadas, Reclinável, Cilindro de Gás Classe 4, Preto e Cinza - CF-9010052-WW","R$ 1.049,99"
30,"Cadeira Gamer Prizi Canvas, Até 120Kg, Com Almofadas, Branca","R$ 443,33"
31,"Cadeira Gamer Alpha Gamer Vega, Preto e Vermelho, Reclinável, com Almofadas, Cilindro de Gás Classe 4","R$ 629,90"
32,"Cadeira Gamer XT Racer Platinum W Series, Até 120kg, Com Almofadas, Reclinável, Descanso de Braço 3D, Preto - XTR-010","R$ 1.159,90"
33,"Cadeira Gamer XT Racer Platinum W Series, Até 120kg, Com Almofadas, Reclinável, Descanso de Braço 3D, Marrom - XTR-016","R$ 1.159,90"
34,"Cadeira Gamer Prizi Runner, Até 120Kg, Roxa","R$ 294,90"
35,"Cadeira Gamer PCYes Mad Racer V8 Turbo, Black - V8TBMADPT","R$ 1.059,99"
36,"Cadeira Gamer Mymax MX1, Peso Suportado até 120Kg, Giratória, Preto - mgch-8131/bk","R$ 569,05"
37,"Cadeira Gamer XT Racer Platinum W Style, Até 120kg, Regulagem em três dimensões, Sistema Relax, Preto - XTR-070","R$ 1.299,90"
38,"Cadeira Gamer Mymax MX5, Até 150 Kg, Giratória, Branco e Azul","R$ 699,00"
39,"Cadeira Gamer XT Racer Defender, Até 120kg, Com Almofadas, Reclinável, Descanso de Braço 3D, Preto - XTR-034","R$ 919,99"
40,"Cadeira Gamer Alpha Gamer Vega, Preto e Azul, Reclinável, com Almofadas, Cilindro de Gás Classe 4","R$ 629,90"
41,"Cadeira Gamer Rise Mode Z3, Ângulo Ajustável, Braço 2D, Preto - RM-CG-03-BK","R$ 679,90"
42,"Cadeira Gamer DT3 Elise, Até 130 Kg, com Almofadas, Reclinável, Preto - 13436-7","R$ 999,99"
43,"Cadeira Gamer Corsair TC100 Relaxed Leatherette, Até 120Kg, Com Almofadas, Reclinável, Cilindro de Gás Classe 4, Preto - CF-9010050-WW","R$ 959,90"
44,"Cadeira Gamer XT Racer Speed Series, Até 120kg, Com Almofadas e Apoio de Pés, Reclinável, Descanso de Braço 2D, Preto - XTS190","R$ 839,90"
45,Cadeira Gamer Vermelha Prizi - Jx-1039r,"R$ 443,33"
46,"Cadeira Gamer Corsair TC200 Fabric, Até 120Kg, Apoio de Braços 4D, Almofadas, Reclinável, Cilindro de Gás Classe 4, Preto - CF-9010049-WW","R$ 1.479,90"
47,"Cadeira Gamer ThunderX3 TGC12, Até 120kg, Com Almofadas, Descanso de Braço 2D, Preto e Azul","R$ 939,90"
48,"Cadeira Gamer Fox Racer Nordic, Peso Max 125KG, RGB, Encostos Ajustável, Preto","R$ 999,00"
49,"Cadeira Gamer XT Racer Viking Series, Até 120kg, Com Almofadas e Apoio de Pés, Reclinável, Descanso de Braço 3D, Preto e Vermelho - XTR-026","R$ 949,90"
50,"Cadeira Gamer Prizi Runner, 180Kg, Giratória, Azul","R$ 294,90"
51,"Cadeira Gamer Mymax Mx5, Suportado até 150Kg, Giratória, Preto e Branco","R$ 699,00"
52,"Cadeira Gamer Husky Gaming Snow, Preto e Azul, Cilindro de Gás Classe 4, Base em Metal, Roda em Nylon - HSN-BB","R$ 599,99"
53,"Cadeira Gamer Corsair T3 Rush 2023, Até 120Kg, Com Almofadas, Reclinável, Apoio de Braços 4D, Cinza e Branco - CF-9010058-WW","R$ 1.289,90"
54,"Cadeira Gamer XT Racer Speed Series, Até 120kg, Com Almofadas, Reclinável, Descanso de Braço 2D, Preto - XTS150","R$ 829,99"
55,"Cadeira Gamer Pelegrin, Até 150 Kg, Em Couro Pu, Reclinável, Preta e Verde - PEL-3019","R$ 519,00"
56,"Cadeira Gamer XT Racer Platinum W Series, Até 120kg, Com Almofadas, Reclinável, Descanso de Braço 3D, Off White - XTR-068","R$ 1.299,90"
57,"Cadeira Gamer Mymax MX7, Suporta Até 150kg, Giratória, Preto E Vermelho","R$ 699,00"
58,"Cadeira Gamer XT Racer Draco, Até 120kg, Com Almofadas, Reclinável, Descanso de Braço 4D, Preto - XTR-064","R$ 1.399,99"
59,"Cadeira Gamer Mymax MX5, Até 150 Kg, Giratória, Branco e Roxo","R$ 699,00"
60,"Cadeira Gamer Rise Mode Z5, Ângulo Ajustável, Braço 4D, Cinza Claro, Tecido - RM-CG-Z05-GR-FBC","R$ 999,99"
61,"Cadeira Gamer KBM! GAMING CG300, Preto, Com Almofadas, Reclinável, Descanso de Braço 2D - KGCG300PT","R$ 629,90"
62,"Cadeira Gamer Mymax MX5, Até 150kg, Com Almofadas, Reclinável, Descanso de Braço 2D, Preto e Vermelho - MGCH-MX5/RD","R$ 659,99"
63,"Cadeira Gamer DT3 Mizano Fabric, Até 110 kg, Com Almofadas, Apoio de Braço 3D+, Reclinável, Preto - 13796-6","R$ 1.099,99"
64,Cadeira Noblechairs Hero Gaming Chair Java Edition - NBL-HRO-PU-JED,"R$ 2.999,99"
65,"Cadeira Gamer ThunderX3 TGC12 Profissional, Até 120kg, Com Almofadas, Reclinável, Descanso de Braço 2D, Branco e Preto - 78202","R$ 979,99"
66,"Cadeira Gamer DT3 Nero Elite Syrah, Até 160 Kg, Com Almofada, Reclinável, Descanso de Braço 4D, Preto e Vinho - 13543-6","R$ 2.239,90"
67,"Cadeira Gamer Draxen DN2, 150 kg, Altura Ajustáveis, Reclinação, com almofadas, Preto","R$ 615,12"
68,"Cadeira Gamer Prizi Canvas, Azul","R$ 443,33"
69,"Cadeira Gamer Fox Vulpes, Com Ajuste, Reclinável, Com Almofadas, Até 110kg, Preto","R$ 479,59"
70,"Cadeira Gamer DT3 Nero XL, Até 160Kg, Com Almofada, Descanso de Braço 4D, Graphite - 13639-2","R$ 1.489,99"
71,"Cadeira Gamer Alpha Gamer Zeta Preto, Reclinável, com Almofadas, Cilindro de Gás Classe 4 - AGZETA-BK","R$ 699,90"
72,"Cadeira Gamer Elements Magna, até 150 kg, Ergonômica, De Tecido, Preto","R$ 1.999,20"
73,"Cadeira Gamer Rise Mode Z5, Ângulo Ajustável, Braço 4D, Preto, Tecido - RM-CG-Z05-BK-FBC","R$ 969,90"
74,"Cadeira Gamer DT3 Elise Fabric, Até 130 Kg, Com Almofadas, Reclinável, Descanso de Braço 1D, Preto - 13443-5","R$ 1.039,99"
75,"Cadeira Gamer ThunderX3 EC3, Até 120 kg,  Preto - 67998","R$ 939,99"
76,"Cadeira Gamer Fox Racer RGB, Até 130Kg, Reclinável, Com Almofadas, Iluminação LED, Rosa","R$ 700,00"
77,"Cadeira Gamer Kids, Em Couro Pu, Preta e Azul, Pelegrin - Pel-9353","R$ 289,00"
78,"Cadeira Gamer PCYes Mad Racer V8 Turbo, Red - V8TBMADVM","R$ 1.079,99"
79,Cadeira Gamer Alpha Gamer Alegra Fabric Cinza - AGALEGRA-F-GRY,"R$ 1.449,99"
80,"Cadeira Gamer Corsair TC200 Fabric, Até 120Kg, Apoio de Braços 4D, Almofadas, Reclinável, Cilindro Classe 4, Cinza e Branco - CF-9010048-WW","R$ 1.599,99"
81,"Cadeira Gamer Noblechairs EPIC, Black - NBL-PU-BLA-002","R$ 2.159,99"
82,"Cadeira Gamer XT Racer Defender, Até 120kg, Com Almofadas, Reclinável, Descanso de Braço 3D, Preto e Cinza - XTR-032","R$ 919,99"
83,"Cadeira Gamer XT Racer Platinum W Series Dolce Gusto, Até 120kg, Braços 3D, Sistema Relax, Preto - XTR-010DG","R$ 999,99"
84,"Cadeira Gamer DT3 Elise, Até 130 Kg, com Almofadas, Reclinável, Preto e Azul - 13437-8","R$ 989,99"
85,"Cadeira Gamer XT Racer Ergonomics Robust, Até 180kg, Braços 4D, Encosto Reclinável, Sistema Relax, Preto - XTR-071","R$ 2.199,99"
86,"Cadeira Gamer Alpha Gamer Vega, Até 150Kg, Cilindro de Gás 4,  Braço Ajustável, Preto e Laranja","R$ 999,99"
87,"Cadeira Gamer Mymax Mx9, Giratória, Preto/Prata","R$ 615,12"
88,"Cadeira Gamer XT Racer Speed Series, Até 120kg, Com Almofadas, Reclinável, Descanso de Braço 2D, Preto e Cinza - XTS130","R$ 899,99"
89,"Cadeira Gamer Husky Gaming Snow, Preto e Verde, Cilindro de Gás Classe 4, Base em Metal, Roda em Nylon - HGMA018","R$ 599,99"
90,Cadeira Noblechairs Hero TX Gaming Chair-anthracite - NBL-HRO-TX-ATC,"R$ 2.159,90"
91,"Cadeira Gamer Mymax MX7, Suportado até 150Kg, Giratória, Preto e Rosa","R$ 699,00"
92,"Cadeira Gamer XT Racer Draco, Até 120kg, Com Almofadas, Reclinável, Descanso de Braço 4D, Preto e Cinza - XTR-065","R$ 1.499,99"
93,"Cadeira Gamer Rise Mode Z5, Ângulo Ajustável, Braço 4D, Cinza - RM-CG-Z05-DG-FBC","R$ 999,99"
94,"Cadeira Gamer Thunderx3 TGC12 Profissional, Até 120kg, Com Almofadas, Reclinável, Descanso de Braço 2D, Rosa e Preto - 78203","R$ 1.059,99"
95,"Cadeira Gamer Mymax MX8, Até 150Kg, Giratória, Preto e Azul","R$ 571,12"
96,"Cadeira Gamer Alpha Gamer Nebula Fabric, Tecido, Até 150 kg, Apoio de Braço 4D, Reclinável, Cinza e Rosa - AGNEBULA-GRY-PK","R$ 949,90"
97,"Cadeira Gamer XT Racer Defender, Até 120kg, Com Almofadas, Reclinável, Descanso de Braço 3D, Preto e Vermelho - XTR-030","R$ 859,90"
98,"Cadeira Gamer Alpha Gamer Nebula Fabric,  Até 150 kg, Apoio de Braço 4D, Reclinável, Cinza e Azul - AGNEBULA-GRY-BL","R$ 949,90"
99,"Cadeira Gamer Fortt Mendoza, Vermelha - Cgf002-V","R$ 429,00"
100,"Cadeira Gamer Prizi Runner, Até 120Kg, Branca","R$ 294,90"
101,"Cadeira Gamer PCYes Mad Racer V8 Turbo, Blue - V8TBMADAZ","R$ 1.059,99"
102,"Cadeira Gamer Husky Gaming Avalanche 900, Preto e Vermelho, Com Almofadas, Reclinável com Sistema Frog, Descanso de Braço 3D - HGMA083","R$ 1.299,99"
103,"Cadeira Gamer XT Racer Speed Series, Até 120kg, Com Almofadas e Apoio de Pés, Reclinável, Descanso de Braço 2D, Preto e Vermelho - XTS180","R$ 849,90"
104,"Cadeira Gamer Noblechairs Hero, Black - NBL-HRO-PU-BLA","R$ 2.149,99"
105,"Cadeira Gamer PCYes Mad Racer V8 Turbo, White - V8TBMADBC","R$ 1.079,99"
106,"Cadeira Gamer Phenix Alpha Gamer, Até 150Kg, 2x Almofadas, Reclinável, Braços 4D, Preto - AGPHENIX-F-GRY-BK","R$ 1.349,90"
107,"Cadeira Gamer Mymax MX0, Peso Suportado até 120Kg, Giratória, Preto - mgch-mx0/bk","R$ 499,00"
108,"Cadeira Gamer KBM! GAMING CG370 RGB, Preto, Luz RGB, Com Almofadas, Reclinável - KGCG370RGB","R$ 799,90"
109,"Cadeira Gamer XT Racer Speed Series, Até 120kg, Com Almofadas e Apoio de Pés, Reclinável, Descanso de Braço 2D, Preto e Cinza - XTS170","R$ 979,99"
110,"Cadeira Gamer Corsair TC200, Até 120Kg, Apoio de Braços 4D, Com almofadas, Reclinável, Cilindro de Gás Classe 4, Preto - CF-9010043-WW","R$ 1.559,90"
111,"Cadeira Gamer XT Racer Platinum W Series Dolce Gusto, Até 120kg, Braços 3D, Sistema Relax, Marrom, Logo Escuro - XTR-016DGLM","R$ 1.159,90"
112,"Cadeira Gamer KBM! GAMING CG300, Preto e Branco, Com Almofadas, Reclinável, Descanso de Braço 2D - KGCG300PTBR","R$ 599,90"
113,"Cadeira Gamer DT3 Nero XL, Até 160Kg, Com Almofada, Descanso de Braço 4D, Grape - 13638-1","R$ 1.489,99"
114,"Cadeira Gamer DT3 Elise, Até 130 Kg, com Almofadas, Reclinável, Preto e Cinza - 13439-0","R$ 989,99"
115,"Cadeira Gamer Husky Gaming Storm, Preto, Vermelho e Branco, Com Almofadas, Reclinável, Descanso de Braço 2D - HST-RBW","R$ 919,99"
116,"Cadeira Gamer Corsair T1 Race, Até 120Kg, Com Almofadas, Reclinável, Apoio de Braços 4D, Preto - CF-9010059-WW","R$ 1.329,99"
117,"Cadeira Gamer XT Racer Defender, Até 120kg, Com Almofadas, Reclinável, Descanso de Braço 3D, Preto e Rosa - XTR-033","R$ 919,99"
118,"Cadeira Gamer DT3 Grigio, Até 130Kg, Com Almofadas, Reclinável, Descanso de Braço 1D,  Cinza e Preto - 13373-7","R$ 1.029,99"
119,"Cadeira Gamer DT3 Nero Elite, Até 130 kg, Com Almofada, Reclinável, Descanso de Braço 4D, Cilindro de gás Classe 4, Cinza - 13542-5","R$ 2.399,99"
120,"Cadeira Gamer Fox Vulpes, Com Ajuste, Reclinável, Com Almofadas, Até 110kg, Branco","R$ 479,59"
121,"Cadeira Gamer Elements Magna Special, até 150Kg, Ergonômico, Grafite","R$ 2.069,10"
122,"Cadeira Gamer Corsair TC200, Até 120Kg, Apoio de Braços 4D, Com Almofadas, Reclinável, Cilindro de Gás Classe 4, Cinza - CF-9010045-WW","R$ 1.599,90"
123,"Cadeira Gamer Pelegrin Em Couro Pu, Preta E Cinza - PEL-3017","R$ 379,00"
124,"Cadeira Gamer Husky Gaming Blizzard 900, Preto, Com Almofadas, Reclinável com Sistema Frog, Descanso de Braço 3D - HGMA062","R$ 1.379,99"
125,"Cadeira Gamer, MX11, Giratória, Preto, Mymax","R$ 421,52"
126,"Cadeira Gamer Husky Gaming Storm, Branco e Rosa, Com Almofadas, Reclinável, Descanso de Braço 4D - HST-PW","R$ 929,99"
127,"Cadeira Gamer Mymax Mx5, Até 150Kg, Giratória, Preto E Azul","R$ 699,00"
128,"Cadeira Gamer DT3 Chrono, Até 130kg, Apoio de Braços 5D com Rotação 360º, Reclinável, Cinza - 13991-3","R$ 2.599,99"
129,"Cadeira Gamer KBM! GAMING CG300, Preto e Azul, Com Almofadas, Reclinável, Descanso de Braço 2D - KGCG300PTAZ","R$ 599,90"
130,"Cadeira Gamer ThunderX3 TGC12, Preto e Verde","R$ 979,99"
131,"Cadeira Gamer Pelegrin, Até 150 Kg, Em Couro Pu, Reclinável, Preta e Vermelha - PEL-3019","R$ 519,00"
132,"Cadeira Gamer MX6, Giratória, Azul e Preto, Mymax","R$ 483,12"
133,"Cadeira Gamer Alpha Gamer Polaris Racing Edition, Até 150Kg, Cilindro de Gás 4, Descanso de Braço  4D, Preto e Azul - AGPOLARISRE-BK-BL","R$ 1.499,99"
134,"Cadeira Gamer XT Racer Speed Series, Até 120kg, Com Almofadas, Reclinável, Descanso de Braço 2D, Preto e Vermelho - XTS140","R$ 759,90"
135,"Cadeira Gamer Cougar Armor Elite, Até 120kg, Com almofadas, Descanso de Braço 2D, Preto e Laranja - 3MELIBLB.0001","R$ 969,99"
136,"Cadeira Gamer Fortt Lípsia, Até 120Kg, Vermelha - Cgf002-v","R$ 379,00"
137,"Cadeira Gamer Prizi JX-1039PU, Até 120Kg, Ajustável, Com Almofadas, Roxa","R$ 443,33"
138,"Cadeira Gamer G-hox,  Preto, azul - Ch-7026","R$ 464,07"
139,"Cadeira Gamer Pelegrin Em Couro Pu, Reclinável, Suporta Até 150Kg, Preto E Azul - Pel-3019","R$ 519,00"
140,"Cadeira Gamer Noblechairs EPIC, Mercedes-AMG Petronas One Team Motosport - PGW-NB-EGC-001","R$ 3.299,99"
141,"Cadeira Gamer DT3 Nero XL, Até 160Kg, Com Almofada, Descanso de Braço 4D, Cloud - 13637-0","R$ 1.489,99"
142,"Cadeira Gamer Pelegrin Em Couro Pu, Preta E Vermelha - PEL-3017","R$ 379,00"
143,"Cadeira Gamer, Vinik Rocket, Branca Com Rosa - CGR10BRS","R$ 655,51"
144,"Cadeira Gamer Alpha Gamer Vega, Até 130Kg, Cilindro de Gás 4, Braço Ajustável, Preto e Verde","R$ 999,99"
145,"Cadeira Gamer DT3 Nero,  Até 140kg, Com Almofada, Reclinável, Descanso de Braço 4D, Preto e Rosa - 13546-9","R$ 1.279,99"
146,"Cadeira Gamer Fortt Lípsia, Até 120Kg, Preta - Cgf002-p","R$ 379,00"
147,"Cadeira Gamer Rise Mode Z10, Ângulo Ajustável, Braço 4D, Preto, PU - RM-CG-Z10-BK","R$ 999,99"
148,"Cadeira Gamer XT Racer Viking Series, Até 120kg, Com Almofadas e Apoio de Pés, Reclinável, Descanso de Braço 3D, Preto e Branco - XTR-022","R$ 1.099,99"
149,"Cadeira Gamer Cougar Armor Elite Royal, Até 120Kg - 3meliglb.0001","R$ 1.317,63"
150,"Cadeira Gamer Alpha Gamer Nimbus, Até 125 kg, Apoio de Braço 4D, Reclinável, Branco e Preto - AGNIMBUSBWHT","R$ 999,99"
151,Cadeira Dxracer Master V2 (i238s-n-n1-a3),"R$ 3.562,03"
152,"Cadeira Gamer Cougar Armor Titan Pro Royal,  até 160kg, Com Almofadas, Reclinável, Preta - 3MTITANR.0001","R$ 2.799,00"
153,Cadeira Gamer Razer Iskur X - Rz38-02840100-r3u1,"R$ 1.439,10"
154,"Cadeira Gamer XT Racer Draco, Até 120kg, Com Almofadas, Reclinável, Descanso de Braço 4D, Preto e Dourado - XTR-062","R$ 1.499,99"
155,"Cadeira Gamer Vinik Rocket, 120kg, Ajuste de altura e inclinação Preto e Vermelho - CGR10PVM","R$ 649,99"
156,"Cadeira Gamer Mymax Mx8, Giratória, 150Kg, Preto E Vermelho","R$ 571,12"
157,"Cadeira Gamer Noblechairs Epic Copper Limited Edition, Preta/Cobre - PGW-NB-EGC-016","R$ 1.899,99"
158,"Cadeira Gamer Husky Gaming Snow, Preto e Vermelho, Cilindro de Gás Classe 4, Base em Metal, Roda em Nylon - HSN-BR","R$ 599,99"
159,"Cadeira Gamer Elements Lunari, Até 150kg, Ajuste 4D, Reclinável, Com Almofadas, Cinza - 0.6898966322","R$ 2.999,99"
160,"Cadeira Gamer Maxoffice DN2, Até 150 Kg, Preto e Vermelho, Draxen","R$ 615,12"
161,"Cadeira Gamer Mymax MX7, Suportado até 150Kg, Giratória, Preto e Verde","R$ 699,00"
162,"Cadeira Gamer DT3 Nero Elite Ashen,  Até 160kg, com Almofada, Reclinável, Braço 4D, Cilindro de Gás Classe 4 - 13541-4","R$ 2.359,99"
163,"Cadeira Gamer Pelegrin Em Couro Pu, Preta E Azul - PEL-3017","R$ 379,00"
164,"Cadeira Gamer Mymax Mx9, 150kg, Com Almofadas, Braços com Regulagem 2D, Giratória, Cilindro de Gás Classe 2 - 80mm, Preto e Vermelho","R$ 615,12"
165,Cadeira Gamer Alpha Gamer Zeta Black Blue - AGZETA-BK-BL,"R$ 849,99"
166,"Cadeira Gamer KBM! GAMING CG330, Preto e Branco, Com Almofadas, Reclinável, Descanso de Braço 2D - KGCG330PRBR","R$ 659,90"
167,"Cadeira Gamer Husky Gaming Avalanche, Rosa e Branco, Com Almofadas, Reclinável, Descanso de Braço 3D - HAV-PW","R$ 949,99"
168,"Cadeira Gamer Draxen Dn3, Giratória, Até 150Kg, Branco E Rosa","R$ 615,12"
169,"Cadeira Gamer KBM! GAMING CG300, Preto e Vermelho, Com Almofadas, Reclinável, Descanso de Braço 2D - KGCG300PTVM","R$ 599,90"
170,"Cadeira Gamer Mymax Mx7, Peso Suportado até 150Kg, Giratória, Preto E Azul","R$ 699,00"
171,Cadeira Office Ergo+ Ls-t7,"R$ 371,07"
172,"Cadeira Gamer Mymax Mx1, Peso Suportado até 120Kg, Giratória, Preto E Azul - mgch-8131/bl","R$ 483,12"
173,"Cadeira Gamer Prizi Pz1006e, até 120 Kg, Ângulo ajustável do encosto, Vermelha","R$ 429,90"
174,"Cadeira Gamer ThunderX3 BC3, Black e Red- 67992","R$ 949,99"
175,"Cadeira Gamer Gamdias Zelus M3 Weave Lb, Até 140Kg - Cinza E Preto","R$ 1.039,50"
176,"Cadeira Gamer Infantil Em Couro Pvc Pelegrin Pel-9354, até 60kg - Preto Com Vermelho","R$ 239,00"
177,"Cadeira Gamer DT3 Elise Fabric, Até 130 Kg, Com Almofadas, Reclinável, Descanso de Braço 2D, Preto e Azul - 13444-6","R$ 1.029,99"
178,"Cadeira Gamer Husky Gaming Blizzard 970, cm Almofadas, Acabamento Alcantara, Reclinável com Sistema Frog, Cinza - HGMA132","R$ 1.599,90"
179,"Cadeira Gamer Mymax MX0, Peso Suportado até 120Kg, Giratória, Preto e Vermelho - Mgch-mx0/rd","R$ 422,10"
180,Cadeira Gamer Noblechairs Hero Doom Edition - NBL-HRO-PU-DET,"R$ 2.899,99"
181,"Cadeira Gamer Sharkoon Elbrus 2, Black Red","R$ 1.479,99"
182,"Pistão para Cadeiras Husky Gaming Snow, Polar e Frost - HAC-PSPF","R$ 54,99"
183,"Cadeira Gamer Mymax Mx9, até 150kg, Giratória, Com Almofadas, Reclinável, Preto/Roxo","R$ 615,12"
184,"Cadeira Gamer Alpha Gamer Phenix Fabric, Tecido, Até 150kg, Apoio de Braço 4D, Reclinável, Preto e Azul - AGPHENIX-F-GRY-BK-BL","R$ 1.349,90"
185,"Cadeira Gamer ThunderX3 BC3 Camo/CZ, Black Hawk - 67994","R$ 959,99"
186,"Cadeira Gamer Fox Racer,  Até 130 Kg, RGB, Rosa, Com Iluminação LED","R$ 959,98"
187,"Cadeira Gamer DT3 Gamma, Até 120 Kg, Com Almofadas, Reclinável, Descanso de Braço 3D, Preto - 13516-6","R$ 1.139,99"
188,"Cadeira Gamer Mymax Mx9, Até 150Kg, Giratória, Preto/Azul","R$ 615,12"
189,"Cadeira Gamer Mymax Mx1, Peso Suportado até 120Kg, Giratória, Preto E Rosa -  94013900","R$ 483,12"
190,"Cadeira Gamer Cougar Gaming Argo One Black 3margosb,0001","R$ 2.899,00"
191,"Cadeira Gamer Alpha Gamer Polaris Edition, Até 150Kg, Descanso de Braço 4D,  Preto e Branco - AGPOLARISRE-BK-BL","R$ 1.499,99"
192,"Cadeira Gamer Fox Vulpes, Com Ajuste, Reclinável, Com Almofadas, Até 110kg, Vermelho","R$ 479,59"
193,"Cadeira Gamer MyMax, Giratoria, Preto -  MX12","R$ 899,00"
194,"Cadeira Gamer Healer, Level Reclinável Giratória Com Apoio De Pés - Vermelho E Preto","R$ 629,90"
195,"Cadeira Gamer Vinik Rocket, Peso Suportado até 150Kg, Ajuste de Altura e Inclinação, Preta - Cgr10pt","R$ 655,51"
196,"Cadeira Gamer DT3 Gamma Fabric, Até 130 Kg, Com Almofadas, Reclinável, Descanso de Braço 3D, Preto - 13491-8","R$ 1.139,99"
197,"Cadeira Gamer Mymax, Mx5, Até 150kg, Giratória Branco E Verde","R$ 699,00"
198,"Cadeira Gamer Falcon, Meteora, Azul","R$ 619,90"
199,"Cadeira Gamer Noblechairs Hero ST TX, Até 150 Kg, Tecido, Descanso de Braço 4D - NBL-LGD-TX-ATC","R$ 2.159,90"
200,"Cadeira Gamer Pelegrin Pel-3015, Em Couro PU, Reclinável - Preta E Vermelha","R$ 439,00"
201,"Cadeira Gamer Fortt Mendoza, Até 120kg, Azul - Cgf002-a","R$ 429,00"
202,"Cadeira Gamer DT3 Mizano Fabric, Até 110 kg, Com Almofadas, Apoio de Braço 3D+, Reclinável, Cinza - 13799-9","R$ 1.129,99"
203,Cadeira Gamer Prizi Runner - Preta,"R$ 499,90"
204,"Cadeira Gamer Alpha Gamer Polaris Racing Edition,  Até 150Kg, Cilindro de Gás 4, Descanso de Braço 4D, Preto e Verde - AGPOLARISRE-BK-GRN","R$ 1.499,99"
205,"Cadeira Gamer KBM! GAMING CG300, Preto e Verde, Com Almofadas, Reclinável, Descanso de Braço 2D - KGCG300PTVD","R$ 599,90"
206,"Cadeira Gamer Husky Gaming Blizzard, Preto e Verde, Com Almofadas, Reclinável, Descanso de Braço 2D - HBL-BG","R$ 849,99"
207,"Cadeira Gamer Royale MoobX, Até 100Kg, Giratória,  Preto e Cinza","R$ 679,99"
208,Cadeira Gamer Mx5 Giratória Branco E Azul Marinho - Mymax,"R$ 699,00"
209,"Cadeira Gamer Noblechairs Hero, Black Blue - NBL-HRO-PU-BBL","R$ 2.149,99"
210,"Cadeira Gamer Husky Gaming Blizzard RGB, Preto, Luz RGB, Com Almofadas, Reclinável - HBL-RGB","R$ 769,99"
211,"Cadeira Gamer Falcon, Wake, Azul","R$ 371,07"
212,"Cadeira Gamer, XT Racer Defender, Reclinável Ergonômica, Tecido Polyester, Preto e Rosa.","R$ 1.079,10"
213,"Cadeira Gamer Cougar Armor Elite, Até 120kg, Com almofadas, Descanso de Braço 2D, Branco - 3MELIWHB.0001","R$ 1.049,99"
214,Cadeira Gamer Sharkoon Shark Skiller SGS4 Black,"R$ 2.539,99"
215,"Cadeira Gamer ThunderX3 EC3, Até 120kg, com Almofadas, Preto e Ciano - 68000","R$ 999,99"
216,"Cadeira Gamer Em Couro PU, Reclinável - PEL-C215","R$ 529,00"
217,"Cadeira Presidente X-line Xt Office, Até 100 Kg - Xto-013","R$ 899,10"
218,Cadeira Gamer Moobx Thunder Preto,"R$ 899,99"
219,"Cadeira Gamer, Racer X Comfort - Rosa","R$ 768,54"
220,"Cadeira Gamer ThunderX3 BC7 Larger, Black/Cyan - 68841","R$ 1.839,99"
221,"Cadeira Gamer Mymax MX5, Até 150kg, Com Almofadas, Reclinável, Descanso de Braço 2D, Branco e Verde - MGCH-MX5/GRWH","R$ 659,99"
222,"Cadeira Gamer Noblechairs Hero, Black White - NBL-HRO-PU-BPW","R$ 2.259,99"
223,Cadeira Gamer Racer X Reclinável Preta,"R$ 834,09"
224,"Cadeira Gamer Profissional ThunderX3 TGC12, Suporta Até 150Kg, Preto E Verde","R$ 1.014,90"
225,"Cadeira Gamer KBM! GAMING CG450, Preto, Com Almofadas, Reclinável, Descanso de Braço 2D - KGCG450PT","R$ 799,99"
226,"Cadeira Gamer Husky Gaming Blizzard 970,  com Almofadas, Acabamento Alcantara, Reclinável com Sistema Frog, Preto - HGMA135","R$ 1.599,90"
227,Cadeira Gamer Cougar Gaming Argo One 3margos.0001,"R$ 2.580,11"
228,"Cadeira Gamer Draxen DN1, até 150 kg, RGB, Rodas de Silicone, Encosto Regulável, Almofadas para apoio, Preto","R$ 791,12"
229,"Cadeira Gamer DT3 Nero, Até 140kg,  Com Almofada, Reclinável, Descanso de Braço 4D, Preto e Azul  - 13548-1","R$ 1.289,99"
230,"Cadeira Gamer Mymax Mx15 Giratoria Peso Máximo Suportado: 150 Kg, Preto","R$ 879,12"
231,"Cadeira Dt3 Gamma Fabric Black, Peso máximo suportado: 120kg","R$ 1.442,70"
232,Cadeira Gamer DT3sports Rhino Red - 11233-0,"R$ 2.399,99"
233,"Cadeira Gamer  Fortrek Vickers, Peso Suportado até 135Kg, Mecanismo Butterfly, Preto e vermelho - 70520","R$ 866,85"
234,"Cadeira Gamer Premium X-zone, Peso Suportado até 135Kg, Reclinável, Preta E Verde - Cgr 01","R$ 799,90"
235,"Cadeira Gamer Husky Gaming Hailstorm 900, Preto e Azul, Com Almofadas, Reclinável com Sistema Frog, Descanso de Braço 3D - HGMA088","R$ 1.329,99"
236,"Cadeira Gamer Mymax MX1, Peso Suportado até 120Kg, Giratória, Preto e Verde","R$ 483,12"
237,"Cadeira Gamer Falcon,Fury,Preta","R$ 479,90"
238,"Cadeira Gamer Racer X Comfort, 100Kg, Preta","R$ 768,54"
239,"Cadeira Gamer Rise Mode Z9, Ângulo Ajustável, Braço 4D, Preto - RM-CG-Z09-BK-FBC","R$ 1.089,90"
240,"Cadeira Gamer Pelegrin, Couro Pu, Preto E Vermelha - PEL-3006","R$ 479,00"
241,"Cadeira Gamer Noblechairs Hero, Black Red - NBL-HRO-PU-BRD","R$ 2.149,99"
242,"Cadeira Gamer Draxen Dn3, Giratória, Até 150Kg, Preto/Verde","R$ 615,12"
243,"Cadeira Gamer Cooler Master Caliber R2, Até 150 Kg, Vermelha - CMI-GCR2-2019R","R$ 999,00"
244,"Cadeira Gamer Conthey Cinesis Xtreme, Até 150 Kg - N2159702","R$ 999,90"
245,"Cadeira Gamer Fox Vulpes, Com Ajuste, Reclinável, Com Almofadas, Até 110kg, Cinza","R$ 479,59"
246,Cadeira Gamer MoobX Nitro Com Regulagem de Altura e Reclinação 180°,"R$ 699,99"
247,"Cadeira Gamer Mymax MX12, Até 150 Kg, Giratória, Preto e Azul","R$ 791,12"
248,"Cadeira Gamer Hoopson, Preta E Branca - CG-506","R$ 1.499,87"
249,Cadeira Gamer Dn2 Preto/azul Celeste - Draxen,"R$ 483,12"
250,"Cadeira Gamer Maxprint/dazz, Omega, Preta, Peso Máximo Suportado: 100kg","R$ 430,52"
251,"Cadeira Gamer Rise Mode Z5, Ângulo Ajustável, Braço 4D, Preto, PU - RM-CG-05-BK","R$ 919,99"
252,"Cadeira Gamer Hoopson, Reclinável E Giratória - Hp-cg505","R$ 1.499,87"
253,"Cadeira Gamer Mymax Mx5, Até 150 Kg, Giratória, Preta e Vermelha","R$ 699,00"
254,"Cadeira Gamer Dt3 Elise Fabric V2 13443-5, Com Almofadas Reclinável, Com Descanso De Braço 1D, Preto","R$ 1.066,91"
255,"Cadeira Gamer Racer X Comfort, Peso máximo suportado: 100 Kg, Cinza","R$ 768,54"
256,Cadeira Gamer Shopb Tank Reclinável E Giratória - Preta E Branca,"R$ 565,50"
257,"Cadeira Gamer Fox Racer RGB, Até 130Kg, Com Iluminação E Alto Falante, Preta","R$ 1.019,92"
258,"Cadeira Gamer Boxbit Atlético Mineiro Fanático, até 120Kg, Base Rodízio","R$ 787,50"
259,Cadeira Gamer Reclinável Sparta Com 2 Almofadas Zidi,"R$ 2.229,90"
260,"Cadeira Gamer Mymax Mx1, Giratória, Preto E Vermelho - mgch-8131/rd","R$ 483,12"
261,"Cadeira Gamer PCYes Mad Racer V8 Turbo, Até 12Kg, Descanso de Braço 4D, Cinza - V8TBMADCZ","R$ 1.039,99"
262,"Cadeira Gamer Cougar Terminator, Até 135Kg - Ref.3mternxb.0001","R$ 4.999,00"
263,"Cadeira Gamer Cougar Armor Evo Royal, Até 160kg - 3mevoglb.0001","R$ 2.899,00"
264,"Cadeira Gamer Vinik Comet Cgc10p, Até 120kg, Reclinável, Giratória Com Apoio De Braço 2D E Ajuste De Altura, Preta","R$ 919,40"
265,"Cadeira Gamer Racer X Comfort, Branca, Peso máximo suportado: 100 Kg","R$ 768,54"
266,"Cadeira Gamer ThunderX3 Black Hawk, Peso Suportado até 150Kg, Tecnologia Air Tech, Cinza - BC3 CAMOe CZ","R$ 1.084,85"
267,"Cadeira Gamer Escritório Cougar Fusion S, Preta E Laranja","R$ 976,50"
268,"Cadeira Gamer Fortrek Black Hawk, Suporta Até 140Kg, Apoio Ajustável Bi-Direcional, Preto - 70508","R$ 1.100,00"
269,"Cadeira Gamer OexGame Gc200, Até 100Kg, Altura Ajustável, Couro Sinético, Rosa E Preto","R$ 902,41"
270,"Cadeira Gamer Gallant, Altura Regulável, Preta/Vermelha -GCD10GPUA-VM","R$ 759,00"
271,"Cadeira Gamer, XT Racer Draco, Reclinável Ergonômica, Tecido Polyester, Preto e Rosa.","R$ 1.709,10"
272,"Cadeira Gamer Cougar Armor Elite White, Até 120 KG - 3MELIWHB.0001","R$ 1.169,91"
273,"Cadeira Gamer Infantil Em Couro Pvc Pelegrin Pel-9354, até 60kg - Preto Com Branco","R$ 239,00"
274,"Cadeira Gamer Alpha Gamer Alegra Fabric, Até 150 kg, Apoio de Braço 4D, Mecanismo Frog, Apoio Lombar Ajustável, Azul - AGALEGRA-F-BL","R$ 1.449,99"
275,Kit Gamer Pelegrin Pel-008p Rosa E Cadeira Gamer Pelegrin Pel-3020 Rosa,"R$ 1.409,00"
276,"Cadeira Gamer BRX 702, Até 150Kg, Preto E Vermelha","R$ 880,38"
277,"Cadeira Gamer XT Racer Platinum W Series, Até 120kg, Com Almofadas, Reclinável, Descanso de Braço 3D, Rosa - XTR-069","R$ 1.159,90"
278,"Cadeira Gamer Infantil Em Couro Pvc Pelegrin Pel-9354, até 60kg - Preto Com Amarelo","R$ 239,00"
279,"Cadeira Gamer Mymax Mx18, Até 150Kg, Giratória, Preta","R$ 967,12"
280,"Cadeira Gamer Thunderx3 Ec1, Suporta Até 120kg, Cilindro De Gás, Almofadas, Preto - 78232","R$ 929,84"
281,Cadeira Gamer Pcyes Mad Racer V8 Turbo Azul - V8tbmadaz,"R$ 1.619,88"
282,"Cadeira Gamer Camuflada, Cl-cm039 - Clanm","R$ 1.355,08"
283,Cadeira Nex Max Giratória E Reclinável Preta E Vermelha - Dxracer,"R$ 1.637,06"
284,"Cadeira Gamer Mymax Mx0, Suporta Até 120kg, Giratória, Preto E Branco","R$ 439,12"
285,"Cadeira Gamer Racer X Comfort, Verde","R$ 768,54"
286,"Cadeira Gamer Mymax, Com Almofadas, Braço 2D,  Cilindro de Gás Classe 3, Giratória, Preto e Vermelho - MX13","R$ 853,10"
287,"Cadeira Gamer Cooler Master Caliber X2, Preto","R$ 1.984,14"
288,"Cadeira Gamer Racer X Comfort, Peso máximo suportado: 100 Kg, Azul Claro","R$ 739,09"
289,"Cadeira Gamer Sharkoon Elbrus 2, Black Blue","R$ 1.549,99"
290,"Cadeira Gamer Infantil Pelegrin, Em Couro Pu, Preta e Vermelha - Pel-9353","R$ 289,00"
291,"Cadeira Gamer ThunderX3 EC3, Peso Suportado até 150Kg, Ergonômica, Reclinável, Preta - 67998","R$ 976,36"
292,"Cadeira Gamer Racer X, Reclinável, Cinza","R$ 834,09"
293,"Cadeira Gamer Pelegrin, Preta E Cinza - PEL-3011","R$ 499,00"
294,"Cadeira Gamer Tr-max, Até 120 Kg, de Couro, Giratória, Ajustável - Branca","R$ 1.055,70"
295,Cadeira Gamer X­rocker Dazz,"R$ 569,90"
296,"Cadeira Gamer Mymax MX15, Até 150 Kg, Giratória, Preto e Azul","R$ 879,12"
297,"Cadeira Gamer Mymax Mx12, Peso Máximo Suportado: 150kg, Giratória, Preto/Branco","R$ 791,12"
298,"Cadeira Gamer ThunderX3 EC3, Peso Suportado até 150Kg, Ajustável, Ciano E Preto - 68000","R$ 976,36"
299,"Cadeira Gamer Design Office, Linha Gamer Racing, Com Almofada, Regulavel, Verde Limão com Preto","R$ 4.299,00"
300,"Cadeira Gamer Pelegrin Pel-3019, Suporta até 150Kg, em Couro Pu, Encosto reclinável com trava, com almofadas, Preta","R$ 886,24"
301,Cadeira Gamer Alpha Gamer Cygnus RGB - AGCYGNUS,"R$ 899,99"
302,"Cadeira Boxbit Falcon, Em Tela Preta, Base Cromada Rodízio, Peso suportado: 120Kg","R$ 919,80"
303,"Cadeira Gamer Racer X, Reclinável - Branca","R$ 834,09"
304,CADEIRA GAMER DT3 SPORTS NERO SYRAH COM APOIO LOMBAR 4D,"R$ 3.319,66"
305,Cadeira Gamer Vinik Rocket Preta Com Vermelho - Cgr10pvm,"R$ 655,51"
306,"Cadeira Gamer MoobX Thunder, Peso Suportado até 125Kg, Braços Reguláveis 2D, e Regulagem De Altura, Preto e Azul","R$ 764,99"
307,"Cadeira Gamer Mx5, 150kg, Giratória, Com almofadas, Reclinável, Preto/Vermelho","R$ 699,00"
308,Cadeira Gamer Cooler Master Caliber R2 Roxa - Cmi-gcr2-2019,"R$ 889,00"
309,"Cadeira Gamer TC3 ThunderX3, Suporta até 150Kg, Bumblebee Yellow","R$ 1.505,54"
310,"Cadeira Gamer Cooler Master Caliber X2, Preto Com Cinza","R$ 2.024,14"
311,"Cadeira Gamer Cooler Master Caliber R1s - Camo Sakura Edição Especial, Suporta: 150kg","R$ 1.777,90"
312,"Cadeira Gamer Mymax Mx16, Giratória, Preto/Prata","R$ 879,12"
313,"Cadeira Gamer TC3 ThunderX3, Suporta até 125Kg, All White","R$ 1.505,00"
314,"Cadeira Gamer Alien Healer, Suporta até 120Kg, Reclinável, Com Apoio de Pés, Preto/Verde","R$ 749,90"
315,"Cadeira Gamer Jungle Black Blue Clanm, Couro Pu, Tecido Respirável, Até 100 Kg","R$ 759,00"
316,"Cadeira Gamer Office Giratória, Com Elevação A Gás, Extreme F03, Preto E Vermelho - Lyam Decor","R$ 830,90"
317,Cadeira Gamer Racer X Reclinável Verde,"R$ 834,09"
318,"Cadeira Gamer Profissional ThunderX3 TGC12, Peso Suportado até 120Kg, Preto","R$ 1.150,90"
319,Cadeira Gamer Cooler Master Caliber R2c Cool-in - Preto,"R$ 1.837,16"
320,"Cadeira Gamer, XT Racer Defender, Reclinável Ergonômica, Tecido Polyester, Preto e Vermelho","R$ 1.079,10"
321,"Cadeira Gamer, XT Racer Ergo Air, Reclinável Ergonômica,Mesh Respirável, Preto e Dourado.","R$ 1.799,00"
322,"Cadeira Gamer Pelegrin Pel-3009, Couro Pu - Preta E Vermelha","R$ 479,00"
323,"Cadeira Gamer Star Game WG-03, Reclinável, Suporta até 120 kg, Vermelha e Preta","R$ 652,16"
324,"Cadeira Gamer Pelegrin, Preta E Cinza - PEL-3005","R$ 379,00"
325,"Cadeira Gamer Clanm Cl-ck047 King, Preto, Com RGB, Braco 2d, Pistao 4","R$ 1.179,90"
326,"Cadeira Gamer XT Racer Defender, Reclinável Ergonômica, Tecido Polyester, Preto e Verde.","R$ 1.079,10"
327,"Cadeira Gamer Infantil Em Couro Pvc Pelegrin Pel-9354, até 60kg - Preto Com Cinza","R$ 239,00"
328,"Cadeira Gamer, MX11, Giratória, Preto E Azul, Mymax","R$ 421,52"
329,"Cadeira Gamer Profissional ThunderX3 TGC12, Peso Suportado até 120Kg, Preta e Azul","R$ 1.223,42"
330,"Cadeira Gamer Thunderx3 Ec1, Suporta Até 120kg, Cilindro De Gás, Almofadas, Preto E Rosa - 78233","R$ 851,92"
331,"Cadeira Gamer Cruiser Fortrek, Suporta até 135Kg, Ajustável, Butterfly, Preta","R$ 1.191,83"
332,Cadeira Gamer Racer X Reclinável Rosa,"R$ 834,09"
333,"Cadeira Gamer KBM! GAMING CG330, Preto, Com Almofadas, Reclinável, Descanso de Braço 2D - KGCG330PT","R$ 659,90"
334,"Cadeira Gamer XT Racer Platinum W Series, Até 120kg, Com Almofadas, Reclinável, Descanso de Braço 3D, Vinho - XTR-017","R$ 1.369,99"
335,"Cadeira Gamer Racer X, Reclinável, Peso máximo suportado: 130 Kg, Azul","R$ 834,09"
336,"Cadeira Gamer Cougar Armor Elite Black, Até 120kg - 3meliblb.0001","R$ 1.317,63"
337,"Cadeira Gamer ELG Drakon, Peso Máx. Suportado 140Kg, Ajuste de altura com sistema Butterfly, Preto - Ch31bk","R$ 773,15"
338,"Cadeira Gamer Mymax MX11, Até 150 Kg, Giratória, Preto E Vermelho","R$ 421,52"
339,"Cadeira Gamer Pelegrin Em Couro Pu, Reclinável, Preta E Cinza - PEL-3013","R$ 559,00"
340,Cadeira Gamer XT Racer Taycan Com Apoio De Pés Reclinável Ergonômica Couro Sintético - Preto e Vermelho,"R$ 1.259,10"
341,"Cadeira Gamer DT3 Nero XL, Até 160Kg, Com Almofada, Descanso de Braço 4D, Bubble - 13636-9","R$ 1.489,99"
342,"Cadeira Gamer Fox Racer, Peso Suportado até 130Kg, LED RGB, Branco","R$ 929,90"
343,"Cadeira Gamer Pcyes Mad Racer V8 Turbo, Peso Suportado até 180Kg, Função Relax, Preta - V8tbmadpt","R$ 1.441,86"
344,"Cadeira Gamer Rocket, Peso Suportado até 150Kg, Ajuste de altura, Preto e Verde - Cgr10pvd","R$ 655,51"
345,"Cadeira Gamer Husky Gaming Blizzard 900, Preto e Vermelho, Com Almofadas, Reclinável com Sistema Frog, Descanso de Braço 3D - HGMA084","R$ 1.199,90"
346,"Cadeira Gamer Pcyes Mad Racer V8 Turbo, Peso Suportado até 180Kg, Função Relax, Branca - V8tbmadpt","R$ 1.441,86"
347,"Cadeira Gamer Fox Office Fox Racer, até 130kgs, com RGB e Iluminação LED, com almofadas, Reclinável, Preta","R$ 882,09"
348,"Cadeira Gamer Giratoria MX12 MyMax, Suporta 150Kg, Preto e Vermelho","R$ 791,12"
349,"Cadeira Gamer Cooler Master Caliber X1c Preto Cmi-gcx1c-bk, Suporta: 150kg","R$ 2.887,44"
350,"Cadeira Gamer Sakes, Cinza, Reclinável, Com Almofadas, Cilindro de Gás Classe 2 - INP21004","R$ 850,41"
351,Cadeira Gamer Pelegrin Pel-3023 Reclinável Com Led Preta,"R$ 599,00"
352,"Cadeira Gamer Boxbit São Paulo SPFC Invicto, até 120Kg, Base Rodízio, reclina até 170 graus, com almofadas","R$ 1.260,00"
353,"Cadeira Gamer Pelegrin Kids, Em Couro Pu, Preta e Cinza, - PEL-9353","R$ 289,00"
354,"Cadeira Gamer Alpha Gamer Alegra Fabric, Até 150 kg, Apoio de Braço 4D, Mecanismo Frog, Apoio Lombar Ajustável, Rosa - AGALEGRA-F-PK","R$ 1.449,99"
355,Cadeira Gamer XT Racer Vulcan Reclinável Ergonômica Couro Sintético Branco e Rosa,"R$ 1.169,10"
356,"Cadeira Gamer Mymax Mx5, Peso Suportado até 150Kg, Giratória, Preto e verde","R$ 943,88"
357,"Cadeira Gamer PCYes Mad Racer V8 Turbo, Até 12Kg, Descanso de Braço 4D, Amarelo - V8TBMADAM","R$ 1.039,99"
358,"Cadeira Gamer Redragon Heth, Preto E Vermelho - C313-br","R$ 979,90"
359,Cadeira Gamer King Cl-ck047 - Clanm,"R$ 1.920,00"
360,"Cadeira Gamer Noblechairs EPIC, Black Red - NBL-PU-RED-002","R$ 1.999,90"
361,"Cadeira Gamer Boxbit  Atlético Mineiro Invicto, Até 120 Kg, Base Rodízio","R$ 1.260,00"
362,"Cadeira Gamer Pelegrin Pel-3005 - Azul, Branca E Preta","R$ 379,00"
363,"Cadeira Gamer Thunderx3 BC7 Larger, Peso Suportado até 150Kg, Almofadas de pescoço e lombar, Preto E Ciano","R$ 2.062,82"
364,Cadeira Gamer De Balanço Pelegrin Pel-3024 Preta Com Led E Auto-falante Bluetooth,"R$ 629,00"
365,"Cadeira Gamer Racer X Comfort, Azul.","R$ 768,54"
366,"Cadeira Gamer, Elements Magna Special Knit - Grafite","R$ 2.667,90"
367,"Cadeira Gamer Cruiser Fortrek, Suporta até 135Kg, Preta/Azul","R$ 1.097,10"
368,"Cadeira Gamer Cougar Armor Titan Pro Royal, Até 160kg, Com almofadas, Descanso de Braço 2D, Preto - 3MTITANR.0001","R$ 2.499,99"
369,"Cadeira Office Elements Lunari, Espuma D50, Mecanismo Frog, Grey","R$ 3.299,00"
370,"Cadeira Gamer Healer, Level Reclinável Giratória Com Apoio De Pés - Azul E Preto","R$ 629,90"
371,"Cadeira Gamer Healer, Level Reclinável Giratória Com Apoio De Pés - Verde E Preto","R$ 629,90"
372,"Cadeira Gamer Fortrek Blackfire, Suporta até 120Kg, Preta/Vermelha","R$ 724,85"
373,"Cadeira Gamer Kids Em Couro Pu, Preta e Verde, Pelegrin - Pel-9353","R$ 289,00"
374,"Cadeira Gamer Vinik Rocket, Preta Com Azul - Cgr10paz","R$ 655,51"
375,Cadeira Gamer King Heavy Duty - Cl-ck005,"R$ 1.360,00"
376,Cadeira Gamer Profissional Dc Superman Reclinável Suporta Até 150kg Azul,"R$ 2.049,90"
377,"Cadeira Gamer, Xtreme Gamers, Cinesis Ny, até 120 Kgs, Reclinável, Braços Fixos, Preta E Branca","R$ 594,96"
378,Cadeira Office Pro Gamer X D'rossi,"R$ 1.985,90"
379,"Cadeira Gamer Mymax Mx12, Giratória, Preto/Verde","R$ 791,12"
380,"Cadeira Gamer Cougar Armor Evo, Até 160kg  - 3mevoorb.0001","R$ 2.899,00"
381,"Cadeira Gamer Design Office, Linha Gamer Racing, Com Almofada, Regulavel, Café com Preto","R$ 4.299,00"
382,"Cadeira Gamer, MX11, Giratória, Preto E Roxo, Mymax","R$ 421,52"
383,"Cadeira Gamer Warrior Karna, Peso Suportado até 120Kg, Basculante, Giratória, Preta - Ga201","R$ 799,90"
384,"Cadeira Gamer KBM! GAMING CG450, Preto e Vermelho, Com Almofadas, Reclinável, Descanso de Braço 2D - KGCG450PTVM","R$ 699,90"
385,"Cadeira Gamer ThunderX3 TGC12, Até 150Kg, Reclinável, Com Almofadas, Gás Classe 4, Preto E Vermelho","R$ 1.014,90"
386,"Cadeira Gamer Primex V2 Preto/vermelho, 62000153,","R$ 816,91"
387,"Cadeira Gamer ThunderX3 EC3, Até 120kg, com Almofadas, Preto e Vermelho - 67999","R$ 999,99"
388,"Cadeira Gamer Cougar Armor Elite Royal, Até 120kg, Com almofadas, Descanso de Braço 2D, Preto - 3MELIGLB.0001","R$ 999,99"
389,"Mesa Gamer Escrivaninha, Tecno, Nicho - Preto e Verde","R$ 299,90"
390,Cadeira Gamer MoobX GT Racer Peso Suportado (kg): 120,"R$ 799,99"
391,"Cadeira Gamer Dt3 Nero Graphite 13748-3, Revestimento Com Tecido, Braco 3d, Ajuste Altura E Inclinacao, U Unica","R$ 2.051,02"
392,"Cadeira Gamer Gallant Racer, Até 140 Kg, Giratória, Altura Regulável, Preta E Vermelha - GCD100RPUA-PT","R$ 1.259,00"
393,"Cadeira Gamer, Júpiter, Em Couro, Reclinável E Giratória - Vermelha","R$ 2.269,80"
394,"Cadeira Presidente Gamer, em Couro Pu, Preta e Azul, Pelegrin - Pel-3002","R$ 519,00"
395,"Cadeira Gamer Dt3 Sports Girl Power V2,Com Almofadas Reclinavel Descanso De Braco, 1d+ Branco E Rosa, U Unica","R$ 1.395,90"
396,"Cadeira Office Elements Lunari, Espuma D50, Mecanismo Frog, Black","R$ 2.979,25"
397,"Cadeira Gamer DT3 Chrono, Até 130Kg, Reclinável, Braço 5D, Cilindro Classe 4, Azul - 14178-1","R$ 2.599,99"
398,"Cadeira Gamer Thunderx3 BC3 CAMO/AZ Admiral, Peso Suportado até 120Kg, Ergonômica, Reclinável, Camuflada","R$ 976,36"
399,"Cadeira Gamer Thunderx3 Ec1, Suporta Até 120kg, Cilindro De Gás, Almofadas, Preto E Branco - 78234","R$ 929,84"
400,"Cadeira Gamer Falcon,Wake,Vermelha","R$ 371,07"
401,"Cadeira Gamer Falcon, Meteora, Preta","R$ 499,90"
402,"Cadeira Gamer Gamdias Zelus M3 L Bo, Até 140Kg, Preto E Laranja","R$ 1.420,63"
403,"Cadeira Gamer, XT Racer Taycan, Escritório, Ergonômica, Reclinável, Couro Sintético, Preto","R$ 1.169,10"
404,"Cadeira Gamer Thunderx3 Tgc12, Evo Edição Limitada, até 125 kg, Ergonômica, Braço Bidirecional, Vermelha","R$ 1.351,71"
405,"Cadeira Gamer Racer X Comfort, Vermelha, Peso máximo suportado: 100 Kg","R$ 768,54"
406,Cadeira Gamer Sharkoon Skiller SGS2 Black Blue,"R$ 899,90"
407,"Cadeira Gamer Thunderx3 EC1, Peso Suportado até 150Kg, AIR Tech, Preto","R$ 929,84"
408,"Cadeira Gamer, XT Racer Draco, Reclinável Ergonômica, Tecido Polyester, Preto e Azul.","R$ 1.709,10"
409,"Cadeira Gamer DT3 Elise Fabric, Até 130 Kg, Com Almofadas, Reclinável, Descanso de Braço 1D, Preto e Cinza - 13445-7","R$ 1.039,99"
410,"Cadeira Gamer Level Lv-c01dn, Preto","R$ 495,90"
411,"Cadeira Gamer Premium, Xzone - Cgr-01-bw","R$ 799,90"
412,"Cadeira Gamer KBM! GAMING CG330, Preto e Azul, Com Almofadas, Reclinável, Descanso de Braço 2D - KGCG330PTAZ","R$ 659,90"
413,"Cadeira Gamer Gallant Pro, Até 140 Kg, Giratória, Altura Regulável, Preto e Vermelho","R$ 1.059,00"
414,"Cadeira Gamer Husky Gaming Blizzard 970,  com Almofadas, Acabamento Alcantara, Reclinável com Sistema Frog, Preto e Branco - HGMA136","R$ 1.599,90"
415,"Cadeira Gamer Pelegrin, Em Couro PU, Reclinável, Preta E Vermelha - PEL-3003","R$ 699,00"
416,"Cadeira Gamer Brazil PC Júpiter, Em Couro, Reclinável E Giratória, Castanho E Caramelo","R$ 1.017,23"
417,"Cadeira Gamer Giratória, 2 Almofadas, Home Office, Ergonômica Regulagem Altura, Branco Preto","R$ 599,90"
418,Cadeira Gamer Pelegrin Pel-3005 Preta E Verde,"R$ 379,00"
419,"Cadeira Gamer DN2, Preto e Azul, Draxen","R$ 615,12"
420,Cadeira Gamer Cougar Armor Titan Pro - 3MTITANS.0001,"R$ 2.609,91"
421,"Cadeira Gamer Falcon, Wake, Preta","R$ 399,00"
422,"Cadeira Gamer Husky Gaming Hailstorm 900, Preto e Vermelho, Com Almofadas, Reclinável com Sistema Frog, Descanso de Braço 3D - HGMA085","R$ 1.329,99"
423,"Cadeira Gamer Gc200, Estofado Em Couro Sintético, 100kg, Preto e Laranja","R$ 432,00"
424,"Cadeira Gamer Racer X, Reclinável, Vermelha, Peso máximo suportado: 130 Kg","R$ 834,09"
425,"Cadeira Gamer Gallant Pro Giratória, Altura Regulável, Preta - GCD10GPUB-AZ","R$ 999,00"
426,"Cadeira de escritório, Gamer XT Racer Fire Gun, Reclinável Ergonômica, Couro sintético, Preto e Vermelho.","R$ 1.599,00"
427,"Cadeira Gamer Thunderx3 Tgc12, Evo Edição Limitada, até 125 kg, Ergonômica, Braço Bidirecional, Azul","R$ 1.998,89"
428,"Cadeira Gamer Thunderx3 Ec3, até 125 kg, com almofadas, Ajustável, Air Tech, Rosa","R$ 1.317,00"
429,"Cadeira Gamer ThunderX3 TC3, Suporta Até 150Kg, All Black","R$ 1.294,00"
430,"Cadeira Gamer Noblechairs Epic, Até 120kg, com Almofadas, Branco - NBL-PU-WHT-001","R$ 1.999,99"
431,"Cadeira Gamer Draxen Dn3, Giratória, Até 150Kg, Preto/Branco","R$ 615,12"
432,"Cadeira Gamer Fox Racer Nordic, 125kg, Courino, Encostos Ajustável, Preto","R$ 699,00"
433,"Cadeira Gamer Dt3 Elise Fabric V2 13445-7, Cinza, Com Almofadas Reclinavel E Com Descanso De Braco, 1d U Unica","R$ 1.650,60"
434,"Cadeira Office Elements Lunari, Espuma D50, Mecanismo Frog, Cream","R$ 3.299,00"
435,"Cadeira Gamer Cooler Master Caliber R3, Preto E Roxo - Cmi-Gcr3-Pr","R$ 1.672,00"
436,Cadeira Gamer Sharkoon Skiller SGS2 Black Red,"R$ 899,90"
437,"Cadeira Gamer Racer X, Reclinável Hype, Com LED RGB, Peso máximo suportado: 145 Kg","R$ 1.030,74"
438,"Cadeira Gamer Mymax MX0, Até 120Kg, Giratória, Preto e Azul","R$ 439,12"
439,"Cadeira Gamer Fortrek Black Hawk, Peso Suportado até 140Kg, Altura Ajustável, Preto e Vermelho","R$ 963,76"
440,"Cadeira Gamer Mymax Mx17, 150kg, Giratória, Preto","R$ 879,12"
441,"Cadeira Gamer Pelegrin em Couro Pu, Reclinável, Suporta até 150Kg, Preta e Verde - Pel-3018","R$ 599,00"
442,"Cadeira Gamer Husky Gaming Blizzard 970, com Almofadas, Acabamento Alcantara, Reclinável com Sistema Frog, Creme e Vermelho  - HGMA134","R$ 1.599,90"
443,"Cadeira, Dt3sports, Elise, Blue","R$ 1.827,21"
444,"Cadeira Gamer Greatek Reclinável, Até 150Kg, Estofada, Roxa e Preta","R$ 829,00"
445,"Cadeira Thunderx3 Tc3, até 125 kg, Rotação de 360 grau, Sakura White","R$ 1.505,00"
446,"Cadeira Gamer Alpha Gamer Zeta, Até 120 Kg, Preto e Vermelho - AGZETA-BK-R","R$ 699,90"
447,"Cadeira Gamer Gamdias Zelus E3 Weave L Gb, até 120kg, C/ Apoio De Braço, Cinza/preto","R$ 796,50"
448,"Cadeira Gamer Alpha Gamer Nimbus, Até 125 kg, Apoio de Braço 4D, Reclinável, Preto e Vermelho - AGNIMBUSBKRED","R$ 999,99"
449,"Cadeira Gamer Elements Gaming Elemental TERRA, Verde","R$ 1.062,01"
450,"Cadeira Gamer Aerocool Air All Black, Preto - Ac40c","R$ 934,15"
451,"Cadeira Gamer Pcyes Mad Racer V8 Turbo, até 180kg, Inclinação 135º, ergonômica, estofado de poliéster  Vermelha - V8tbmadvm","R$ 1.225,58"
452,"Cadeira Gamer Mymax MX0, Peso Suportado até 120Kg, Giratória, Preto e Rosa - Mgch-mx0/pk","R$ 439,12"
453,"Cadeira Gamer Fortrek Black Hawk, Peso Suportado até 140Kg, Espuma moldada por injeção, Preta e Rosa - Fkcrpp","R$ 930,87"
454,"Cadeira Gamer Design Office, Linha Gamer Racing, Com Almofada, Regulavel, Rosa Pink com Preto","R$ 4.299,00"
455,"Cadeira Gamer Neologic Draco, Pistão Classe 4, Reclinável Até 180, Preto, Suporta Até 150KG - NDRABL","R$ 666,20"
456,"Cadeira Gamer Noblechairs Hero, Black Gold - NBL-HRO-PU-GOL","R$ 2.259,99"
457,"Cadeira Gamer DT3Sports Elise Fabric, Suporta até 130Kg, Azul","R$ 1.748,84"
458,"Cadeira Gamer Snake Gaming, Mamba Negra, Reclinável 9183 - Preto e Branco","R$ 679,90"
459,"Cadeira Gamer Cougar Armor One 3MARONXB-0001, Preta e Laranja","R$ 1.806,70"
460,"Cadeira Gamer KBM! GAMING CG450, Preto e Branco, Com Almofadas, Reclinável, Descanso de Braço 2D - KGCG450PTBR","R$ 699,90"
461,"Cadeira Gamer Thunderx3 Tgc12, Profissional, Suporta Até 120kg, Com Almofadas, Preto E Rosa","R$ 1.014,90"
462,"Cadeira Gamer Pelegrin Pel-3006, Suporta Até 150Kg, Em Couro Pu, Preto e Verde","R$ 479,00"
463,"Cadeira Gamer Corsair T1 Race, Até 120Kg, Com Almofadas, Reclinável, Apoio de Braços 4D, Preto e Branco - CF-9010060-WW","R$ 1.123,56"
464,Cadeira Dxracer Dog (jk004-nw),"R$ 1.780,62"
465,"Cadeira Gamer Thunderx3 Tgc12, Profissional, Suporta Até 120Kg, Preta E Branca","R$ 1.014,90"
466,"Cadeira Gamer Pelegrin, Reclinável, Preta E Cinza - PEL-3018","R$ 599,00"
467,Cadeira Gamer Dt3 Sports Elise V2 13436-7 Preta Com Almofadas E Reclinavel U Unica Unica,"R$ 1.080,00"
468,"Cadeira Thunderx3 Tc3, até 125 kg, Rotação de 360 grau, Azure Blue","R$ 1.505,00"
469,"Cadeira Gamer Falcon, Meteora, Vermelha","R$ 619,90"
470,"Cadeira Gamer Fortrek Vickers, Preta","R$ 984,55"
471,"Cadeira Gamer Cruiser Fortrek, Suporta até 135Kg, Preto/Rosa","R$ 1.147,00"
472,"Cadeira Gamer Racer X Comfort, Laranja.","R$ 768,54"
473,"Cadeira Gamer ThunderX3 EC3, Suporta até 150Kg, Preta/Vermelha","R$ 1.317,00"
474,"Cadeira Gamer Comet Vinik, Branca, Ergonômica, Reclinável Com Apoio De Braço 2d E Ajuste De Altura","R$ 773,10"
475,"Cadeira Gamer OEX Game Gc300, Peso Suportado até 180Kg, Mecanismo padrão Borboleta, Preto e Cinza","R$ 1.567,41"
476,"Cadeira Gamer Galax Giratória Gc-01 Rgb, Preta - Rg01p4dby0","R$ 1.930,67"
477,"Cadeira Gamer Pelegrin Pel-3009, Couro PU - Preta, Vermelha E Azul","R$ 479,00"
478,"Cadeira Gamer Falcon, Fury,Vermelha","R$ 479,90"
479,"Cadeira Gamer Design Office Móveis Interlocutor Linha Gamer Racing, Peso recomendado: até 120 kg, Laranja","R$ 3.593,36"
480,"Cadeira Gamer Design Office Diretor, Linha Gamer Racing, ate 110 Kg, Sem Almofada, Vinho com Preto","R$ 3.593,36"
481,"Cadeira Gamer Design Office, Linha Gamer Racing, Com Almofada, Regulavel, Telha com Preto","R$ 4.299,00"
482,"Cadeira Gamer Design Office Diretor, Linha Gamer Racing, ate 110 Kg, Sem Almofada, Marrom com Preto","R$ 3.593,36"
483,"Cadeira Gamer Design Office Diretor, Linha Gamer Racing, ate 110 Kg, Sem Almofada, Cinza Claro com Preto","R$ 3.593,36"
484,"Cadeira Gamer Design Office, Linha Gamer Racing, Com Almofada, Regulavel, Roxo com Preto","R$ 4.299,00"
485,"Cadeira Gamer Design Office, Linha Gamer Racing, Com Almofada, Regulavel, Verde com Preto","R$ 4.299,00"
486,"Cadeira Gamer Design Office Diretor, Linha Gamer Racing, ate 110 Kg, Sem Almofada, Azul Claro com Preto","R$ 3.593,36"
487,"Cadeira Gamer Design Office Diretor, Linha Gamer Racing, ate 110 Kg, Sem Almofada, Laranja com Preto","R$ 3.593,36"
488,"Cadeira Gamer Design Office Diretor, Linha Gamer Racing, ate 110 Kg, Sem Almofada, Café com Preto","R$ 3.593,36"
489,"Cadeira Gamer Design Office Diretor, Linha Gamer Racing, ate 110 Kg, Sem Almofada, Bege com Preto","R$ 3.593,36"
490,Cadeira Gamer Base Giratória Com Braço Linha Gamer Racing,"R$ 3.593,36"
491,"Cadeira Gamer Design Office Diretor, Linha Gamer Racing, ate 110 Kg, Sem Almofada, Verde com Preto","R$ 3.593,36"
492,"Cadeira Gamer Design Office, Linha Gamer Racing, Com Almofada, Regulavel, Marrom com Preto","R$ 4.299,00"
493,"Cadeira Gamer Design Office Diretor, Linha Gamer Racing, ate 110 Kg, Sem Almofada, Azul com Preto","R$ 3.593,36"
494,"Cadeira Gamer Design Office, Linha Gamer Racing, Com Almofada, Regulavel, Azul com Preto","R$ 4.299,00"
495,"Cadeira Gamer Design Office, Linha Gamer Racing, Com Almofada, Regulavel, Rosa Claro com Preto","R$ 4.299,00"
496,"Cadeira Gamer Design Office Diretor, Linha Gamer Racing, ate 110 Kg, Sem Almofada, Preto com Preto","R$ 3.593,36"
497,"Cadeira Gamer Design Office Móveis Interlocutor Linha Gamer Racing, Peso recomendado: até 120 kg, Vermelho","R$ 3.593,36"
498,"Cadeira Gamer Design Office Móveis Interlocutor Linha Gamer Racing, Peso recomendado: até 120 kg, Rosa","R$ 3.593,36"
499,Cadeira Gamer Amarelo Com Almofada Linha Gamer Racing,"R$ 4.299,00"
500,"Cadeira Gamer Design Office Móveis Interlocutor Linha Gamer Racing, Peso recomendado: até 120 kg, Laranja","R$ 3.593,36"
501,"Cadeira Gamer Design Office Móveis Interlocutor Linha Gamer Racing, Peso recomendado: até 120 kg, Verde","R$ 3.593,36"
502,"Cadeira Gamer Tr-max, Até 120 Kg, de Couro, Giratória, Ajustável - Preta","R$ 1.055,70"
503,Cadeira Gamer Dt3 Sports Mizano Fabric - Preto,"R$ 1.529,39"
504,"Cadeira Gamer Para Escritório, Linha Gamer Racing, Branco","R$ 4.125,71"
505,"Cadeira Gamer Para Escritório, Linha Gamer Racing, Cinza Claro","R$ 4.125,71"
506,"Cadeira Gamer Para Escritório, Linha Gamer Racing, Cinza","R$ 4.125,71"
507,"Cadeira Gamer Para Escritório, Linha Gamer Racing, Marrom","R$ 4.125,71"
508,Cadeira Gamer Design Office Móveis Para Home Office Linha Gamer Blenda Azul,"R$ 2.345,00"
509,"Cadeira Gamer Para Escritório, Linha Gamer Racing, Rosa","R$ 4.125,71"
510,"Cadeira Gamer, Interlocutor, Linha Gamer Racing - Cinza","R$ 3.593,36"
511,"Cadeira Gamer Para Escritório, Linha Gamer Ravenna, Vermelho","R$ 2.959,00"
512,"Cadeira Gamer Para Escritório, Linha Gamer Racing, Vermelho","R$ 4.125,71"
513,"Cadeira Gamer Para Escritório, Linha Gamer Racing, Vermelho","R$ 4.125,71"
514,"Cadeira Gamer, Giratória Com Braço, Linha Gamer Racing - Azul","R$ 4.125,71"
515,"Cadeira Gamer, Interlocutor, Linha Gamer Racing - Amarelo","R$ 3.593,36"
516,"Cadeira Gamer Para Escritório, Linha Gamer Racing, Verde","R$ 4.125,71"
517,"Cadeira Gamer, Interlocutor, Linha Gamer Racing - Rosa","R$ 3.593,36"
518,"Cadeira Gamer, Interlocutor, Linha Gamer Racing - Vermelho","R$ 3.593,36"
519,"Cadeira Gamer Design Office, Interlocutor Linha Gamer Racing - Marrom","R$ 3.593,36"
520,"Cadeira Gamer Aerocool Air, Preto E Vermelho - Ac40c","R$ 934,15"
521,"Cadeira Gamer, Preto Com Vermelho, Cl-cm081 - Clanm","R$ 1.055,09"
522,"Cadeira Gamer Thunderx3 Tgc12, Azul","R$ 1.368,12"
523,"Cadeira Gamer G-hox, Preto, vermelho - Ch-7001","R$ 623,96"
524,"Cadeira Gamer Design Office Móveis Giratória Com Braço, Linha Gamer Racing - Azul","R$ 4.125,71"
525,"Cadeira Gamer Design Office Móveis, Giratória Linha Gamer Racing - Amarelo","R$ 4.125,71"
526,"Cadeira Gamer Design Office Móveis Base Giratória Com Braço, Linha Gamer Racing - Vermelho","R$ 4.125,71"
527,"Cadeira Gamer Fortrek Vickers, Preta, rosa","R$ 1.101,00"
528,"Cadeira Gamer Fortrek Cruiser, Preta, rosa","R$ 1.284,52"
529,"Cadeira Gamer Thunderx3 Tgc12, Preta","R$ 1.550,70"
530,"Cadeira Gamer Redragon Heth, C313-b - Preto","R$ 864,00"
531,"Cadeira Gamer Falcon, Cosmic, Azul","R$ 649,90"
532,"Cadeira Gamer Fortrek Cruiser, Preta, azul","R$ 1.284,52"
533,"Cadeira Gamer Cooler Master, Caliber R1- Preto e Roxo, Cmi-gcr1 2018.","R$ 1.524,02"
534,"Cadeira Gamer DT3 Chrono, Até 130Kg, Reclinável, Braço 5D, Cilindro Classe 4, Vermelho - 14179-2","R$ 2.599,99"
535,"Cadeira Gamer Thunderx3 Bc3 Camo, Verde Militar","R$ 1.091,84"
536,"Cadeira Gamer Fortrek Vickers, Preta, verde","R$ 1.101,00"
537,"Cadeira Gamer Thunderx3 Ec1, Vermelha","R$ 1.039,82"
538,"Cadeira Gamer Fortrek Cruiser, Preta, vermelha","R$ 1.284,52"
539,"Cadeira Gamer Fortrek Black Hawk, Preta, verde","R$ 1.091,84"
540,"Cadeira Gamer Fratini Fair, ate 120 kg, Com Revestimento Em Couro E Ajuste Reclinável","R$ 1.524,12"
541,"Cadeira Gamer Clanm Profissional Mount, Rosa, Giratória, Com Rodinhas E Ajuste De Altura, Apoio Para Cabeça E Almofada Para As Costas, Até 150Kg","R$ 849,90"
542,"Cadeira Gamer Ergonômica Thunderx3, De Rodinhas, Tecido Respirável, Apoio De Lombar E De Cabeça Ajustável, Até 120Kg, Ciano E Preto","R$ 1.547,00"
543,"Cadeira Gamer Thunderx3 Ec3, Ciano","R$ 1.091,84"
544,Cadeira Gamer Thunderx3 Tc3 Sakura Black Rosa,"R$ 1.553,00"
545,"Cadeira Presidente Gamer, Em Couro Pu, Preta e Vermelho, Pelegrin - Pel-3002","R$ 519,00"
546,Cadeira Gamer Pelegrin Em Couro Pu Reclinável Pel-3012 Preta E Cinza,"R$ 689,00"
547,"Cadeira Presidente Gamer Em Couro Pu, Preta E Verde Pelegrin - PEL-3002","R$ 519,00"
548,"Cadeira Gamer Pelegrin Em Couro Pu, Reclinável, Preta E Azul - Pel-3013","R$ 559,00"
549,"Cadeira Gamer Pelegrin, Em Couro PU, Reclinável, Preta E Verde - PEL-3012","R$ 689,00"
550,"Cadeira Gamer Pelegrin, Couro Pu Preta, Vermelha E Verde - PEL-3009","R$ 479,00"
551,"Cadeira Gamer Pelegrin Em Couro Pu, Reclinável, Preta E Vermelha - PEL-3013","R$ 559,00"
552,"Cadeira Gamer Fortt Lípsia, Até 120KG, Reclinável, Preto e Azul - Cgf002-a","R$ 399,90"
553,"Cadeira Gamer Fox Racer, Até 130 Kg, RGB, Preta, Com Iluminação E Alto Falante","R$ 1.223,24"
554,"Cadeira Gamer Sun House Hawker, Em Courino, Preto E Cinza - 61951","R$ 981,90"
555,"Cadeira Gamer Neologic Sirius, Pistão Classe 4, 4d, Reclinável Até 160, Preto,  Até 150kg - Nsirbl","R$ 799,00"
556,"Cadeira Gamer BRX 719, Até 120Kg, Vermelho E Preto","R$ 505,75"
557,"Cadeira Gamer Shopb Claire, Reclinável E Giratória - Preta E Vermelha","R$ 629,90"
558,"Cadeira Gamer Rise Mode Z9, Ângulo Ajustável, Braço 4D, Preto - RM-CG-Z09-BK","R$ 939,90"
559,"Cadeira Gamer Viper Pro Preta, verde, Naja","R$ 934,92"
560,"Cadeira Gamer, Predator Com Acabamento Premium, Espuma De Alta Densidade","R$ 2.799,00"
561,"Cadeira Gamer Fox Racer RGB, Com Alto Falante, Rosa","R$ 1.199,90"
562,Cadeira Gamer Escritório Bright - Preta E Amarela - 605,"R$ 599,00"
563,"Cadeira Gamer KBM! GAMING CG450, Preto e Azul, Com Almofadas, Reclinável, Descanso de Braço 2D - KGCG450PTAZ","R$ 699,90"
564,"Cadeira Gamer Design Office Móveis Interlocutor Linha Gamer Racing, Peso recomendado: até 120 kg, Roxo","R$ 3.593,36"
565,Cadeira Gamer Design Office Móveis Para Escritório Linha Gamer Cagliari Rosa,"R$ 2.750,00"
566,"Cadeira Gamer Thunderx3 Tgc12, Evo Edição Limitada, até 125 kg, Ergonômica, Braço Bidirecional, Verde","R$ 1.998,89"
567,"Cadeira Gamer Design Office, Linha Gamer Racing, Com Almofada, Regulavel, Cinza com Preto","R$ 4.299,00"
568,"Cadeira Gamer Design Office, Linha Gamer Racing, Com Almofada, Regulavel, Azul Claro com Preto","R$ 4.299,00"
569,"Cadeira Gamer Design Office Diretor, Linha Gamer Racing, ate 110 Kg, Sem Almofada, Amarelo Mostarda com Preto","R$ 3.593,36"
570,"Cadeira Gamer Design Office Diretor, Linha Gamer Racing, ate 110 Kg, Sem Almofada, Verde Limão com Preto","R$ 3.593,36"
571,Cadeira Gamer Base Fixa Com Braço Linha Gamer Racing Azul,"R$ 2.756,81"
572,Cadeira Gamer Base Giratória Com Braço Linha Gamer Racing,"R$ 3.593,36"
573,"Cadeira Gamer Design Office Diretor, Linha Gamer Racing, ate 110 Kg, Sem Almofada, Cinza com Preto","R$ 3.593,36"
574,"Cadeira Gamer Design Office Diretor, Linha Gamer Racing, ate 110 Kg, Sem Almofada, Roxo com Preto","R$ 3.593,36"
575,"Cadeira Gamer Com Almofada, Cinza, Linha Gamer Racing","R$ 4.299,00"
576,Cadeira Gamer Interlocutor  Verde Linha Gamer Racing,"R$ 3.593,36"
577,Cadeira Gamer Interlocutor  Azul Linha Gamer Racing,"R$ 3.593,36"
578,"Cadeira Gamer Overseas Overx Pro Opt, Até 120Kg, Ergonômica/Giratória, Preto E Vermelho","R$ 1.099,90"
579,"Cadeira Gamer  Clanm,Preta E Cinza Mount","R$ 981,10"
580,"Cadeira Gamer Design Office Diretor, Linha Gamer Racing, ate 110 Kg, Sem Almofada, Rosa Claro com Preto","R$ 3.593,36"
581,"Cadeira Gamer Design Office, Linha Gamer Racing, Com Almofada, Regulável, Vermelho com Preto","R$ 4.299,00"
582,"Cadeira Gamer Design Office Móveis, Até 120 Kg,  Base com Braço,  Vermelho","R$ 3.593,36"
583,"Cadeira Gamer Mymax Mx15, Giratória, Preto/Vermelho","R$ 879,12"
584,"Cadeira Gamer Design Office Móveis Interlocutor Linha Gamer Racing, Peso recomendado: até 120 kg, Roxo","R$ 3.593,36"
585,"Cadeira Gamer Redragon Coeus, Preto E Verde - C201-bg","R$ 1.440,00"
586,"Cadeira Gamer  Clanm,Preta E Cinza Mount","R$ 981,10"
587,"Cadeira Gamer, Preto Com Branco, Cl-cm081 - Clanm","R$ 1.355,10"
588,"Cadeira Gamer, Xtreme Gamers, Maximum, até 120 Kgs, Reclinável, Braços Fixos, Preta E Vermelha","R$ 1.610,90"
589,"Cadeira Gamer Tr-max, Até 120 Kg, de Couro, Giratória, Ajustável - Vermelha","R$ 1.055,70"
590,"Cadeira Gamer Redragon, Coeus, Preta/azul - C201-bb","R$ 1.869,30"
591,"Cadeira Gamer Para Escritório, Linha Gamer Racing, Laranja","R$ 4.125,71"
592,"Cadeira Gamer Para Escritório, Linha Gamer Racing, Amarelo","R$ 4.125,71"
593,"Cadeira Gamer Para Escritório, Linha Gamer Racing, Preto","R$ 4.125,71"
594,"Cadeira Gamer, Interlocutor, Linha Gamer Racing - Marrom","R$ 3.593,36"
595,"Cadeira Gamer Para Escritório, Linha Gamer Racing, Rosa","R$ 4.125,71"
596,"Cadeira Gamer Para Escritório, Linha Gamer Racing, Verde","R$ 4.125,71"
597,"Cadeira Gamer Para Escritório, Linha Gamer Racing, Verde","R$ 4.125,71"
598,"Cadeira Gamer Para Escritório, Linha Gamer Racing, Verde","R$ 4.125,71"
599,"Cadeira Gamer, Giratória, Linha Gamer Racing - Amarelo","R$ 4.125,71"
600,"Cadeira Gamer Para Escritório, Linha Gamer Racing, Verde","R$ 4.125,71"
601,"Cadeira Gamer Para Escritório, Linha Gamer Racing, Verde","R$ 4.125,71"
602,"Cadeira Gamer Cougar Armor Elite, Até 120Kg - 3meliorb.0001","R$ 1.317,63"
603,"Cadeira Gamer Design Office Móveis Giratória Com Braço, Linha Gamer Racing - Azul","R$ 4.125,71"
604,Cadeira Gamer Design Office Móveis Base Giratória Com Braço Linha Gamer Racing - Vermelho,"R$ 4.125,71"
605,"Cadeira Gamer Fortrek Vickers, Preta, vermelha","R$ 1.101,00"
606,"Cadeira Ergonômica Thunderx3 Yama1, Vermelha","R$ 1.731,60"
607,"Cadeira Gamer Thunderx3 Tgc12 Evo, Branca","R$ 1.550,70"
608,"Cadeira Gamer G-hox Preto, branco - Ch-7001","R$ 516,07"
609,"Cadeira Ergonômica Thunderx3 Yama1, Ciano","R$ 1.731,60"
610,"Cadeira Gamer Falcon, Cosmic, Vermelha","R$ 649,90"
611,"Cadeira Gamer Falcon, Cosmic, Preta","R$ 649,90"
612,"Cadeira Gamer Falcon,Fury,Azul","R$ 479,90"
613,"Cadeira Gamer Thunderx3 Tc3 Bumblebee, Amarela","R$ 1.684,19"
614,Cadeira Gamer Elg Racing Ch03rd,"R$ 798,31"
615,Cadeira Dt3office Celeste Black Peso máximo recomendado  120kg cilindro classe 3.85mm,"R$ 1.293,44"
616,"Cadeira Office Xt Racer, Até 136 Kg - X-art Xto-002","R$ 1.979,10"
617,"Cadeira Gamer G-hox 2049d, RGB","R$ 836,07"
618,"Cadeira Gamer, Xtreme Gamers, Maximum, até 120 Kgs, Reclinável, Braços Fixos, Preta E Azul","R$ 1.610,90"
619,"Cadeira Gamer DT3 Chrono, Até 130Kg, Reclinável, Braço 5D, Cilindro Classe 4, Maçã Ouro - 14180-4","R$ 2.599,99"
620,"Cadeira Gamer Fortrek Black Hawk, Preta, rosa","R$ 1.091,84"
621,"Cadeira Gamer Clanm Heavy Duty Silver, Com Almofadas, Base De Metal, Até 180Kg","R$ 1.399,00"
622,"Cadeira Gamer King Gaming Clanm RGB, Preto, Luz RGB, Com Almofadas, Até 150Kg","R$ 1.190,00"
623,"Cadeira Gamer Escritório Rosa Fortrek Black Hawk, Alta Qualidade, Com Ergonomia Ajustável + Apoio Lombar E De Braços + Mesa Gamer Fortrek Vickers Com Pés Niveladores","R$ 1.749,00"
624,"Cadeira Gamer Thunderx3 Bc7 Xxl, Ciano","R$ 2.995,01"
625,"Cadeira Gamer Thunderx3 Tc3 Tiger, Laranja","R$ 1.684,07"
626,"Cadeira Thunderx3 Tc3, até 125 kg, Rotação de 360 grau, Neon Green","R$ 1.348,36"
627,"Cadeira Gamer Or Design F16, Peso Máx. Suportado 120Kg, Resistente, Preto- OR-3318PRETA","R$ 1.171,90"
628,"Cadeira Gamer Thunderx3 Ec3, até 125 kg, com almofadas, Ajustável, Air Tech, Laranja","R$ 1.317,00"
629,"Cadeira Gamer Thunderx3 Bc3, Camo Admiral, Azul","R$ 1.091,84"
630,"Cadeira Gamer Royale Preto, Branco E Vermelho, com regulagem de altura","R$ 764,99"
631,"Cadeira Gamer Pelegrin Pel-3011, Preta E Vermelha","R$ 499,00"
632,"Cadeira Gamer Pelegrin Pel-3011, Preta E Azul","R$ 499,00"
633,"Cadeira Gamer Pelegrin, Em Couro PU, Reclinável, Preta E Azul - PEL-3003","R$ 699,00"
634,"Cadeira Gamer Pelegrin, Couro Pu Preta, Vermelha E Cinza - PEL-3009","R$ 479,00"
635,"Cadeira Gamer Fortt Lípsia, Até 120KG, Reclinável, Preto e Branco -  Cgf002-b","R$ 399,90"
636,"Cadeira Gamer Fox Racer RGB, Com Alto Falante, Branco","R$ 1.199,90"
637,"Cadeira Gamer OexGame Gc500, Com LED E Controle Remoto, Até 120Kg, Cilindro Classe 4, 2 Almofadas Removíveis, Preto E Cinza","R$ 2.184,05"
638,"Cadeira Gamer G-hox Ch-6010, Amarelo, preto","R$ 1.106,70"
639,"Cadeira Gamer G-hox, Preto, vermelho - Ch-7026","R$ 420,35"
640,"Cadeira Gamer OexGame Gc500, Com LED E Controle Remoto, Até 120Kg, Cilindro Classe 4, 2 Almofadas Removíveis, Preto E Cinza","R$ 2.184,05"
641,"Cadeira Ergonômica Thunderx3 Xtc, Peso Máximo Suportado: 150kg, Mesh Black","R$ 2.899,00"
642,"Cadeira Gamer Reclinável, Greatek, Preto e Vermelho","R$ 992,21"
643,Cadeira Gamer Estofada Camuflada Greatek,"R$ 1.339,90"
644,"Cadeira Gamer Design Office Móveis Interlocutor Linha Gamer Racing, Peso recomendado: até 120 kg, Cinza","R$ 3.593,36"
645,"Cadeira Gamer Design Office Móveis Interlocutor Linha Gamer Racing, Peso recomendado: até 120 kg, Verde com Preto","R$ 3.593,36"
646,"Cadeira Gamer, Preto, Com Almofada, Linha Gamer Racing","R$ 4.299,00"
647,"Cadeira Gamer Design Office, Linha Gamer Racing, Com Almofada, Regulavel, Bege com Preto","R$ 4.299,00"
648,"Cadeira Gamer Design Office Diretor, Linha Gamer Racing, ate 110 Kg, Sem Almofada, Branco com Preto","R$ 3.593,36"
649,Cadeira Gamer Base Fixa Com Braço Linha Gamer Racing Azul,"R$ 2.756,81"
650,"Cadeira Gamer Design Office, Linha Gamer Racing, Com Almofada, Regulavel, Verde Água com Preto","R$ 4.299,00"
651,"Cadeira Gamer Design Office Diretor, Linha Gamer Racing, ate 110 Kg, Sem Almofada, Vermelho com Preto","R$ 3.593,36"
652,"Cadeira Gamer Design Office Diretor, Linha Gamer Racing, ate 110 Kg, Sem Almofada, Telha com Preto","R$ 3.593,36"
653,Cadeira Gamer Base Giratória Com Braço Linha Gamer Racing,"R$ 3.593,36"
654,Cadeira Gamer Base Fixa Com Braço Linha Gamer Racing Azul,"R$ 2.756,81"
655,"Cadeira Gamer Design Office, Linha Gamer Racing, Com Almofada, Regulável, Vinho com Preto","R$ 4.299,00"
656,Cadeira Gamer Base Giratória Com Braço Linha Gamer Racing,"R$ 3.593,36"
657,"Cadeira Gamer Design Office, Linha Gamer Racing, Com Almofada, Regulavel, Branco com Preto","R$ 4.299,00"
658,"Cadeira Gamer Design Office Diretor, Linha Gamer Racing, ate 110 Kg, Sem Almofada, Rosa Pink com Preto","R$ 3.593,36"
659,"Cadeira Gamer Design Office Móveis Gamer Racing, Até 120 Kg, Base com Braço, Vermelho","R$ 3.593,36"
660,Cadeira Gamer Base Giratória Com Braço Linha Gamer Racing Amarelo,"R$ 3.593,36"
661,Cadeira Gamer Base Fixa Com Braço Linha Gamer Racing Azul,"R$ 2.756,81"
662,Cadeira Gamer Base Giratória Com Braço Linha Gamer Racing Vermelho,"R$ 4.125,71"
663,"Cadeira Gamer Tr-max, Até 120 Kg, de Couro, Giratória, Ajustável - Azul","R$ 1.055,70"
664,"Cadeira Gamer Dt3 Elise Fabric V2 13446-8, Vermelho, Com Almofadas Reclinavel E Com Descanso De Braco, 1d U Unica","R$ 1.484,83"
665,"Cadeira Gamer Clanm,Jungle Preta E Azul","R$ 809,90"
666,"Cadeira Gamer Dt3 Sports Nero Elite, Cool Black - 13542-5","R$ 3.319,66"
667,"Cadeira Gamer Design Office Diretor, Linha Gamer Racing, ate 110 Kg, Sem Almofada, Verde Escuro com Preto","R$ 3.593,36"
668,"Cadeira Gamer Design Office, Linha Gamer Racing, Com Almofada, Regulavel, Laranja com Preto","R$ 4.299,00"
669,"Cadeira Gamer OverX Pro Opt, Até 120Kg, Ergonômica, Giratória, Preto E Azul","R$ 1.099,90"
670,"Cadeira Gamer Design Office Móveis Interlocutor Linha Gamer Racing, Peso recomendado: até 120 kg, Azul","R$ 3.593,36"
671,"Cadeira Gamer Design Office Móveis Interlocutor Linha Gamer Racing, Peso recomendado: até 120 kg, Verde","R$ 3.593,36"
672,Cadeira Gamer Design Office Móveis Para Escritório Linha Gamer Cagliari Verde,"R$ 2.750,00"
673,"Cadeira Gamer Para Escritório, Linha Gamer Racing, Bege","R$ 4.125,71"
674,"Cadeira Gamer Para Escritório, Linha Gamer Racing, Marrom","R$ 4.125,71"
675,"Cadeira Gamer Para Escritório, Linha Gamer Racing, Roxo","R$ 4.125,71"
676,"Cadeira Gamer Para Escritório, Linha Gamer Cagliari, Vermelho","R$ 2.750,00"
677,Cadeira Gamer Design Office Móveis Para Home Office Linha Gamer Blenda Amarelo,"R$ 2.345,00"
678,"Cadeira Gamer Para Escritório, Linha Gamer Racing, Azul","R$ 4.125,71"
679,"Cadeira Gamer, Linha Gamer Cagliari - Laranja","R$ 2.750,00"
680,"Cadeira Gamer Para Escritório, Linha Gamer Cagliari - Verde","R$ 2.750,00"
681,"Cadeira Gamer Para Escritório, Linha Gamer Racing, Vermelho","R$ 4.125,71"
682,Cadeira Gamer Para Escritório Linha Gamer Cagliari Laranja,"R$ 2.750,00"
683,"Cadeira Gamer, Interlocutor, Linha Gamer Racing - Branco","R$ 3.593,36"
684,"Cadeira Gamer, Giratória Com Braço, Linha Gamer, Racing Azul - Vermelho","R$ 4.125,71"
685,"Cadeira Gamer, Interlocutor Linha Gamer Racing - Preto","R$ 3.593,36"
686,"Cadeira Gamer Para Escritório, Linha Gamer Cagliari - Azul","R$ 2.750,00"
687,"Cadeira Gamer, Interlocutor, Linha Gamer Racing - Vermelho","R$ 3.593,36"
688,"Smartphone Oneplus 10 Pro, 5G, 128GB, 8GB RAM, Câmera 48MP, Tela de 6.7 Polegadas, Black","R$ 8.790,00"
689,"Cadeira Gamer Dt3 Sports Elise V2 13439-0, Cinza, Com Almofadas E Reclinavel, Suporta Ate 130kg, U Unica","R$ 1.258,75"
690,"Cadeira Gamer Aerocool Air, Preto E Azul - Ac40c","R$ 934,15"
691,Cadeira Gamer Gxt 707r Resto Gaming Trust,"R$ 1.083,25"
692,"Cadeira Gamer Thunderx3 Tgc12, Verde","R$ 1.368,12"
693,"Cadeira Gamer Thunderx3 Tgc12, Vermelha","R$ 1.368,12"
694,"Cadeira Gamer Design Office Móveis Giratória, Linha Gamer Racing - Amarelo","R$ 4.125,71"
695,"Cadeira Gamer Fortrek Vickers, Preta","R$ 1.101,00"
696,"Cadeira Gamer Fortrek Cruiser, Preta, verde","R$ 1.284,52"
697,"Cadeira Diretor X-work Xt Office, Até 90 Kg - Xto-012","R$ 629,10"
698,"Cadeira Gamer Thunderx3 Tc3 Ember, Vermelha","R$ 1.684,19"
699,"Cadeira Gamer Fortrek Vickers, Preta, azul","R$ 1.101,00"
700,"Cadeira Gamer Thunderx3 Ec3, Vermelha","R$ 1.473,15"
701,"Cadeira Gamer Fortrek Cruiser, Preta","R$ 1.284,52"
702,"Cadeira Gamer Falcon, Blaster Preto,Branca E Vermelha","R$ 650,07"
703,"Cadeira Gamer Xzone Cgr-03-b Premium, Preto","R$ 1.049,00"
704,"Cadeira Gamer Fortt Lípsia, Até 120KG, Reclinável, Preto e Verde - Cgf002-vr","R$ 399,90"
705,"Cadeira Gamer Clanm Mount, Preto Com Vermelho, Ajuste De Altura, Inclinação Do Encosto De 180 Graus, Até 150kg","R$ 916,12"
706,"Cadeira Gamer X-zone Premium Cgr-01-r  Preto,vermelho","R$ 799,90"
707,"Cadeira Gamer Thunderx3 Tgc12 Evo, até 125kg, com almofadas, Braço bidirecional, Couto Sintetico, Branca","R$ 1.289,91"
708,"Cadeira Gamer Pelegrin, Em Couro PU, Reclinável, Preta E Vermelha - PEL-3012","R$ 689,00"
709,"Cadeira Gamer Pelegrin, Reclinável, Preta E Vermelha - PEL-3018","R$ 599,00"
710,"Cadeira Gamer Pelegrin, Preta E Azul - PEL-3005","R$ 379,00"
711,"Cadeira Gamer Pelegrin, Preta E Vermelha - PEL-3005","R$ 379,00"
712,"Cadeira Gamer Fortt Lípsia, Até 120KG, Reclinável, Preto e Amarelo - Cgf002-am","R$ 399,90"
713,Cadeira Gamer Cooler Master Caliber X1c Cool-in - Cinza,"R$ 2.380,96"
714,"Cadeira Gamer Fox Racer RGB, Iluminação LED, Logo Preto, Rosa","R$ 959,98"
715,"Cadeira Gamer Thunderx3 Ec3, até 125 kg, com almofadas, Ajustável, Air Tech, Branca","R$ 1.317,34"
716,"Cadeira Gamer Xzone, Premium, Cgr-03-r - Preto/vermelho","R$ 1.049,00"
717,"Cadeira Gamer Falcon,Blaster Preto,Branca E Azul","R$ 650,07"
718,"Cadeira Office Xt Racer, Até 136 Kg - X-flex Xto-001","R$ 1.439,10"
719,"Cadeira Gamer BRX 711, Até 120kg, Preto E Vermelho","R$ 1.018,30"
720,"Cadeira Gamer Thunderx3 Ec1 Boss Void, Preta","R$ 1.039,82"
721,"Cadeira Gamer Thunderx3 Ec1, Preta","R$ 1.039,82"
722,"Cadeira Gamer DT3 Chrono, Até 130Kg, Reclinável, Braço 5D, Cilindro Classe 4, Cinza - 13991-3","R$ 2.599,99"
723,"Cadeira Gamer Viper Pro Mamba, Até 120 Kg, Com Almofadas, Reclinável, Acolchoada, Giratória, Preta - Vi402 Cadmamba602","R$ 699,90"
724,Cadeira Gamer U Fit Black-Red Tt - Ggc-uft-brmwds-01,"R$ 2.276,71"
725,"Kit - Mesa Gamer Pelegrin Pel-002p, Preta + Cadeira Gamer Pelegrin Pel-3017, Cinza","R$ 959,00"
726,"Cadeira Gamer Viper Pro Python Ata, Preta, Verde","R$ 569,90"
727,"Cadeira Gamer KBM! GAMING CG330, Preto e Vermelho, Com Almofadas, Reclinável, Descanso de Braço 2D - KGCG330PTVM","R$ 659,90"
728,"Cadeira Gamer G-hox Ch-8001, RGB","R$ 743,07"
729,"Cadeira Gamer G-hox Ch-8701, Branco, azul","R$ 1.292,70"
730,"Cadeira Sense Elite Gamer, Multi Ga228, Branco","R$ 1.084,90"
731,"Cadeira Gamer Xzone, Peso Suportado até  135Kg, Giratória, Preto e Verde - CGR-02","R$ 499,90"
732,"Cadeira Gamer Fox Racer RGB, Iluminação LED, Até 120Kg, Preta","R$ 882,09"
733,Cadeira Gamer Rgb Fox Racer Azul Iluminação Led-logo Preto,"R$ 929,90"
734,"Cadeira Gamer Fortrek, Cruiser, Preta/Vermelha, Reclinável","R$ 1.191,83"
735,"Cadeira Gamer Black Hawk Fortrek, Preta com Verde","R$ 976,36"
736,"Cadeira Gamer Fortrek Black Hawk, Até 120Kg, Reclinável, Preto E Azul","R$ 999,32"
737,"Cadeira Gamer, MoobX, Profissional Thunder, Braços Reguláveis 2D e Regulagem De Altura","R$ 899,99"
738,"Cadeira Gamer, MoobX, Profissional Thunder, Braços Reguláveis 2D e Regulagem De Altura","R$ 899,99"
739,"Cadeira Gamer MoobX Nitro, Até 125 Kg, Com Regulagem de Altura e Reclinação 180°","R$ 699,99"
740,"Cadeira Gamer PRO-X Gaming Executiva, Reclinável, Giratóri Preto/Vermelho","R$ 949,90"
741,"Cadeira Gamer Bela MoobX GT Racer Profissional, Preto/Amarelo","R$ 799,99"
742,"Cadeira Gamer, Best, G500 - Preto com Azul","R$ 938,10"
743,Cadeira Gamer ThunderX3 Camo/VD Military - BC3,"R$ 976,36"
744,"Cadeira Gamer, MoobX, GT Racer","R$ 799,99"
745,"Cadeira Gamer Fortrek Vickers, Suporta até 135Kg, Preta/Verde","R$ 884,00"
746,"Cadeira Gamer Pcyes Mad Racer V8 Turbo, Verde - V8TBMADVD","R$ 1.441,86"
747,"Cadeira Gamer Pelegrin em Couro Pu, Reclinável, Suporta até 150Kg, Preta e Cinza - Pel-3003","R$ 699,00"
748,"Cadeira Gamer Fortrek Vickers, Suporta até 135Kg, Preta/Rosa","R$ 984,55"
749,"Cadeira Gamer ThunderX3 TC3, Peso Suportado até 125Kg, Apoio de Braços Bi-direcional, Ember Red","R$ 1.506,06"
750,"Cadeira Gamer Cruiser Fortrek, Suporta até 135Kg, Preta/Verde","R$ 1.191,83"
751,"Cadeira Gamer Fortrek Vickers, Peso Suportado até 135Kg, Mecanismo Butterfly, Azul - 70521","R$ 984,55"
752,"Cadeira Gamer ThunderX3 EC1, Suporta até 150Kg, Vermelha","R$ 929,84"
753,Cadeira Gamer Pcyes Mad Racer V8 Turbo Pink - V8tbmadpk,"R$ 1.441,86"
754,"Cadeira Gamer Top Tag, Giratória, Vermelho  - HS2706RD","R$ 1.099,99"
755,"Cadeira Gamer Pelegrin, Em Couro Pu, Reclinável, Preta e Verde - Pel-3013","R$ 559,00"
756,"Cadeira Gamer Pelegrin, Em Couro PU, Reclinável, Preta E Azul - PEL-3012","R$ 689,00"
757,"Cadeira Gamer Reclinável, Preta E Cinza, Kross - KE-GC101","R$ 799,00"
758,"Cadeira Gamer Reclinável, Preta E Vermelha, Kross - KE-GC100","R$ 799,00"
759,Cadeira Gamer Reclinável Predator Com 2 Almofadas Zidi,"R$ 1.729,90"
760,Cadeira Gamer Reclinável Predator Com 2 Almofadas Zidi,"R$ 1.729,90"
761,"Cadeira Gamer Reclinável Predator, Com 2 Almofadas - Zidi","R$ 1.729,90"
762,Cadeira Office Pro Gamer G-force Preto E Azul - D´rossi,"R$ 2.617,90"
763,Cadeira Gamer Giratoria Branco Top Tag - HS927WT,"R$ 965,60"
764,Cadeira Gamer Moobx Thunder Preto E Vermelho,"R$ 799,99"
765,Cadeira Gamer Reclinável Sparta Com 2 Almofadas Zidi,"R$ 2.229,90"
766,Cadeira Gamer Reclinável Sparta Com 2 Almofadas Zidi,"R$ 2.229,90"
767,"Cadeira Gamer Gc302, Estofado Em Couro, Sintético, 120kg, Preto e Laranja","R$ 1.299,51"
768,"Cadeira Gamer Gc301, Estofado Em Couro Sintético, 120kg, Preto e Laranja","R$ 1.424,91"
769,"Cadeira Gamer F-New, Azul, Reclinável Giratória","R$ 989,00"
770,Cadeira Gamer Top Tag Hs158bli - Azul E Preta,"R$ 1.137,78"
771,"Cadeira Gamer Hoopson, Preto - CG-507","R$ 1.499,87"
772,"Cadeira Gamer Reclinável Greatek, Preto e Azul","R$ 787,55"
773,"Cadeira Gamer, Giratória Extreme F01, Preta/azul  - Mpozenato","R$ 1.023,90"
774,Cadeira Gamer Dt3sports Rgb Estelar V3,"R$ 2.299,00"
775,"Cadeira Gamer B.Hoff Mobile Reclinável E Relax, Com Iluminação LED RGB, Preta, Peso suportado: até 120 kg.","R$ 1.003,51"
776,"Cadeira Gamer Boxbit F16, Vermelha, Base Rodízio","R$ 995,40"
777,"Cadeira Gamer Boxbit Raptor, Branca, Base Rodízio","R$ 680,40"
778,"Cadeira Gamer Boxbit Raptor, Azul, Base Rodízio","R$ 680,40"
779,"Cadeira Gamer Boxbit F16 Army, Base Rodízio","R$ 1.222,20"
780,"Cadeira Gamer, Oexgame, Gc200, 100kg","R$ 902,41"
781,"Cadeira Gamer Havit Gc932, Azul E Preto","R$ 1.499,00"
782,"Cadeira Gamer Havit GC932, Vermelho E Preto","R$ 1.499,00"
783,"Cadeira Gamer Stars, Com Encosto Reclinável, Mecanismo Backsystem, Preta E Azul, Capacidade Até 120Kg","R$ 652,16"
784,Cadeira Gamer XT Racer Vulcan Reclinável Ergonômica Couro Sintético - Preto e Vermelho,"R$ 1.169,10"
785,"Cadeira Gamer, XT Racer Fire Gun, Reclinável Ergonômica, Couro sintético, Preto e Prata.","R$ 1.439,10"
786,Cadeira Gamer XT Racer Taycan Escritório Ergonômica Reclinável Couro Sintético - Preto e Cinza,"R$ 1.169,10"
787,Cadeira Gamer XT Racer Taycan Escritório Ergonômica Reclinável Couro Sintético - Preto e Vermelho,"R$ 1.169,10"
788,Cadeira Gamer XT Racer Vulcan Reclinável Ergonômica Couro Sintético Preto e Branco,"R$ 1.169,10"
789,Cadeira Gamer XT Racer Vulcan Reclinável Ergonômica Couro Sintético Preto,"R$ 1.169,10"
790,"Cadeira Gamer Husky Gaming Hailstorm, Preto e Verde, Com Almofadas, Reclinável, Descanso de Braço 2D - HHA-BG",R$ ----
791,"Cadeira Gamer DT3sports Modena, Black Blue - 10501-7",R$ ----
792,"Cadeira Gamer Alpha Gamer Alegra, Até 150 kg, Apoio de Braço 4D, Mecanismo Frog, Apoio Lombar Ajustável, Cinza - AGALEGRA-PUL-GRY",R$ ----
793,"Cadeira Gamer Alpha Gamer Polaris Racing Edition,  Até 150Kg, Cilindro de Gás 4, Descanso de Braço 4D, Preto - 5600413202906",R$ ----
794,"Cadeira Gamer Husky Gaming Snow Limited Edition, Preto, Cilindro de Gás Classe 4, Base em Metal, Roda em Nylon - HGMA054",R$ ----
795,"Cadeira Gamer Elements Lunari, Até 120kg, Com Almofada, Descanso de Braço 4D, Cilindro de Gás Classe 4, Knit Special, Cinza - 70044",R$ ----
796,"Cadeira Gamer Alpha Gamer Nimbus,  Até 125 kg, Apoio de Braço 4D, Reclinável, Preto e Cinza- AGNIMBUSBK",R$ ----
797,"Cadeira Gamer Alpha Gamer Nebula Fabric, Até 150 kg, Apoio de Braço 4D, Reclinável, Cinza e Laranja - AGNEBULA-GRY-O",R$ ----
798,"Cadeira Gamer Sharkoon Elbrus 1, Black Green",R$ ----
799,"Cadeira Gamer Husky Gaming Tactical, Digital Marpat, Preto, Com Almofadas, Reclinável, Descanso de Braço 2D - HTT-DW",R$ ----
800,"Cadeira Gamer Corsair T2 Road Warrior, Até 136Kg, Apoio de Braços 4D, com Almofadas, Reclinável, Preto - CF-9010006-WW",R$ ----
801,"Cadeira Gamer ThunderX3 TGC12 EVO, Até 125Kg, com Almofadas, Cilindro de Gás, Preto - 76418",R$ ----
802,"Cadeira Gamer Raven X-10, Até 150kg, com Almofadas, Descanso  de Braço 2D, Preto - CDRVX10TP",R$ ----
803,"Cadeira Gamer Drakon, Suporta até 140kg, Com Almofadas, Reclinável, Preta - CH31BK",R$ ----
804,"Cadeira Gamer Husky Gaming Polar, Preto e Vermelho, Cilindro de Gás Classe 3, Base em Nylon, Roda em Nylon - HPO-BR",R$ ----
805,"Cadeira Gamer DT3sports Romeo, Grey - 11207-1",R$ ----
806,Cadeira Gamer Fortrek Black Hawk Black - 70508,R$ ----
807,"Braços para Cadeiras Husky, 2 lados Polar - HAC-BP",R$ ----
808,Cadeira Gamer Fortrek Black Hawk Black/Red - 70510,R$ ----
809,"Cadeira Gamer Noblechairs Epic Compact, Até 120Kg, com Almofadas, Braços 3D, Ajuste de Profundidade, Preto e Vermelho - NBL-ECC-PU-RED",R$ ----
810,"Cadeira Gamer DT3sports Modena, Black Grey - 10326-2",R$ ----
811,"Cadeira Gamer Dazz Elite, 100 Kg, Mecanismo de Ajuste Butterfly, Black - 624761",R$ ----
812,"Cadeira Gamer Dazz Dark Shadow, Black - 625165",R$ ----
813,Cadeira Gamer Multi Tongea Black - GA182,R$ ----
814,Cadeira Gamer Multi Tongea Green - GA160,R$ ----
815,Cadeira Gamer ThunderX3 EC1 Black - 67995,R$ ----
816,Cadeira Gamer ThunderX3 EC1 Black/Red - 67996,R$ ----
817,Cadeira Gamer Elements Gaming Elemental Ignis Black/Red - 63593,R$ ----
818,"Cadeira Gamer Vertagear S-Line SL5000 Racing Series, Black/Blue Rev.2 - VG-SL5000-BL",R$ ----
819,"Cadeira Gamer Max Racer Storm Target, Até 110Kg, Preta - TGT-06",R$ ----
820,"Cadeira Gamer AKRacing Premium V2, Black Silver - 10047-2",R$ ----
821,"Cadeira Gamer Husky Gaming Racing, Vermelho, Com Almofadas, Reclinável, Descanso de Braço 3D - HRC-R",R$ ----
822,"Cadeira DT3office Zodiac V2, Reclinável, Assento Deslizável, Rosé - 12997-8",R$ ----
